[
  {
   "city": "New York City",
   "country": "United States"
 },
 {
   "city": "Los Angeles ",
   "country": "United States"
 },
 {
   "city": "Chicago ",
   "country": "United States"
 },
 {
   "city": "Houston ",
   "country": "United States"
 },
 {
   "city": "Phoenix ",
   "country": "United States"
 },
 {
   "city": "Philadelphia ",
   "country": "United States"
 },
 {
   "city": "San Antonio ",
   "country": "United States"
 },
 {
   "city": "Dallas ",
   "country": "United States"
 },
 {
   "city": "San Diego ",
   "country": "United States"
 },
 {
   "city": "San Jose ",
   "country": "United States"
 },
 {
   "city": "Detroit ",
   "country": "United States"
 },
 {
   "city": "San Francisco ",
   "country": "United States"
 },
 {
   "city": "Jacksonville ",
   "country": "United States"
 },
 {
   "city": "IndianapolisUnited States",
   "country": ""
 },
 {
   "city": "Austin ",
   "country": "United States"
 },
 {
   "city": "Columbus ",
   "country": "United States"
 },
 {
   "city": "Fort Worth ",
   "country": "United States"
 },
 {
   "city": "Charlotte ",
   "country": "United States"
 },
 {
   "city": "Memphis ",
   "country": "United States"
 },
 {
   "city": "Baltimore ",
   "country": "United States"
 },
 {
   "city": "El Paso ",
   "country": "United States"
 },
 {
   "city": "Boston ",
   "country": "United States"
 },
 {
   "city": "Milwaukee ",
   "country": "United States"
 },
 {
   "city": "Denver ",
   "country": "United States"
 },
 {
   "city": "Seattle ",
   "country": "United States"
 },
 {
   "city": "Nashville",
   "country": "United States"
 },
 {
   "city": "Washington ",
   "country": "United States"
 },
 {
   "city": "Las Vegas ",
   "country": "United States"
 },
 {
   "city": "Portland ",
   "country": "United States"
 },
 {
   "city": "Louisville",
   "country": "United States"
 },
 {
   "city": "Oklahoma City ",
   "country": "United States"
 },
 {
   "city": "Tucson ",
   "country": "United States"
 },
 {
   "city": "Atlanta ",
   "country": "United States"
 },
 {
   "city": "Albuquerque ",
   "country": "United States"
 },
 {
   "city": "Fresno ",
   "country": "United States"
 },
 {
   "city": "Sacramento ",
   "country": "United States"
 },
 {
   "city": "Long Beach ",
   "country": "United States"
 },
 {
   "city": "Mesa ",
   "country": "United States"
 },
 {
   "city": "Kansas City ",
   "country": "United States"
 },
 {
   "city": "Omaha ",
   "country": "United States"
 },
 {
   "city": "Cleveland ",
   "country": "United States"
 },
 {
   "city": "Virginia Beach ",
   "country": "United States"
 },
 {
   "city": "Miami ",
   "country": "United States"
 },
 {
   "city": "Oakland ",
   "country": "United States"
 },
 {
   "city": "Raleigh ",
   "country": "United States"
 },
 {
   "city": "Tulsa ",
   "country": "United States"
 },
 {
   "city": "Minneapolis ",
   "country": "United States"
 },
 {
   "city": "Colorado Springs ",
   "country": "United States"
 },
 {
   "city": "Honolulu",
   "country": "United States"
 },
 {
   "city": "Arlington ",
   "country": "United States"
 },
 {
   "city": "Wichita ",
   "country": "United States"
 },
 {
   "city": "St. Louis ",
   "country": "United States"
 },
 {
   "city": "Tampa ",
   "country": "United States"
 },
 {
   "city": "Santa Ana ",
   "country": "United States"
 },
 {
   "city": "Anaheim ",
   "country": "United States"
 },
 {
   "city": "Cincinnati ",
   "country": "United States"
 },
 {
   "city": "Bakersfield ",
   "country": "United States"
 },
 {
   "city": "Aurora ",
   "country": "United States"
 },
 {
   "city": "New Orleans ",
   "country": "United States"
 },
 {
   "city": "Pittsburgh ",
   "country": "United States"
 },
 {
   "city": "Riverside ",
   "country": "United States"
 },
 {
   "city": "Toledo ",
   "country": "United States"
 },
 {
   "city": "Stockton ",
   "country": "United States"
 },
 {
   "city": "Corpus Christi ",
   "country": "United States"
 },
 {
   "city": "Lexington",
   "country": "United States"
 },
 {
   "city": "St. Paul ",
   "country": "United States"
 },
 {
   "city": "Anchorage",
   "country": "United States"
 },
 {
   "city": "Newark ",
   "country": "United States"
 },
 {
   "city": "Buffalo ",
   "country": "United States"
 },
 {
   "city": "Plano ",
   "country": "United States"
 },
 {
   "city": "Henderson ",
   "country": "United States"
 },
 {
   "city": "Lincoln ",
   "country": "United States"
 },
 {
   "city": "Fort Wayne ",
   "country": "United States"
 },
 {
   "city": "Glendale ",
   "country": "United States"
 },
 {
   "city": "Greensboro ",
   "country": "United States"
 },
 {
   "city": "Chandler ",
   "country": "United States"
 },
 {
   "city": "St. Petersburg ",
   "country": "United States"
 },
 {
   "city": "Jersey City ",
   "country": "United States"
 },
 {
   "city": "Scottsdale ",
   "country": "United States"
 },
 {
   "city": "Norfolk ",
   "country": "United States"
 },
 {
   "city": "Madison ",
   "country": "United States"
 },
 {
   "city": "Orlando ",
   "country": "United States"
 },
 {
   "city": "Birmingham ",
   "country": "United States"
 },
 {
   "city": "Baton Rouge ",
   "country": "United States"
 },
 {
   "city": "Durham ",
   "country": "United States"
 },
 {
   "city": "Laredo ",
   "country": "United States"
 },
 {
   "city": "Lubbock ",
   "country": "United States"
 },
 {
   "city": "Chesapeake ",
   "country": "United States"
 },
 {
   "city": "Chula Vista ",
   "country": "United States"
 },
 {
   "city": "Garland ",
   "country": "United States"
 },
 {
   "city": "Winston-Salem ",
   "country": "United States"
 },
 {
   "city": "North Las Vegas ",
   "country": "United States"
 },
 {
   "city": "Reno ",
   "country": "United States"
 },
 {
   "city": "Gilbert",
   "country": "United States"
 },
 {
   "city": "Hialeah ",
   "country": "United States"
 },
 {
   "city": "Arlington",
   "country": "United States"
 },
 {
   "city": "Akron ",
   "country": "United States"
 },
 {
   "city": "Irvine ",
   "country": "United States"
 },
 {
   "city": "Rochester ",
   "country": "United States"
 },
 {
   "city": "Boise City ",
   "country": "United States"
 },
 {
   "city": "Modesto ",
   "country": "United States"
 },
 {
   "city": "Fremont ",
   "country": "United States"
 },
 {
   "city": "Montgomery ",
   "country": "United States"
 },
 {
   "city": "Spokane ",
   "country": "United States"
 },
 {
   "city": "Richmond ",
   "country": "United States"
 },
 {
   "city": "Yonkers ",
   "country": "United States"
 },
 {
   "city": "Irving ",
   "country": "United States"
 },
 {
   "city": "Shreveport ",
   "country": "United States"
 },
 {
   "city": "San Bernardino ",
   "country": "United States"
 },
 {
   "city": "Tacoma ",
   "country": "United States"
 },
 {
   "city": "Glendale ",
   "country": "United States"
 },
 {
   "city": "Des Moines ",
   "country": "United States"
 },
 {
   "city": "Augusta",
   "country": "United States"
 },
 {
   "city": "Grand Rapids ",
   "country": "United States"
 },
 {
   "city": "Huntington Beach ",
   "country": "United States"
 },
 {
   "city": "Mobile ",
   "country": "United States"
 },
 {
   "city": "Moreno Valley ",
   "country": "United States"
 },
 {
   "city": "Little Rock ",
   "country": "United States"
 },
 {
   "city": "Amarillo ",
   "country": "United States"
 },
 {
   "city": "Columbus ",
   "country": "United States"
 },
 {
   "city": "Oxnard ",
   "country": "United States"
 },
 {
   "city": "Fontana ",
   "country": "United States"
 },
 {
   "city": "Knoxville ",
   "country": "United States"
 },
 {
   "city": "Fort Lauderdale ",
   "country": "United States"
 },
 {
   "city": "Salt Lake City ",
   "country": "United States"
 },
 {
   "city": "Newport News ",
   "country": "United States"
 },
 {
   "city": "Huntsville ",
   "country": "United States"
 },
 {
   "city": "Tempe ",
   "country": "United States"
 },
 {
   "city": "Brownsville ",
   "country": "United States"
 },
 {
   "city": "Worcester ",
   "country": "United States"
 },
 {
   "city": "Fayetteville ",
   "country": "United States"
 },
 {
   "city": "Jackson ",
   "country": "United States"
 },
 {
   "city": "Tallahassee ",
   "country": "United States"
 },
 {
   "city": "Aurora ",
   "country": "United States"
 },
 {
   "city": "Ontario ",
   "country": "United States"
 },
 {
   "city": "Providence ",
   "country": "United States"
 },
 {
   "city": "Overland Park ",
   "country": "United States"
 },
 {
   "city": "Rancho Cucamonga ",
   "country": "United States"
 },
 {
   "city": "Chattanooga ",
   "country": "United States"
 },
 {
   "city": "Oceanside ",
   "country": "United States"
 },
 {
   "city": "Santa Clarita ",
   "country": "United States"
 },
 {
   "city": "Garden Grove ",
   "country": "United States"
 },
 {
   "city": "Vancouver ",
   "country": "United States"
 },
 {
   "city": "Grand Prairie ",
   "country": "United States"
 },
 {
   "city": "Peoria ",
   "country": "United States"
 },
 {
   "city": "Rockford ",
   "country": "United States"
 },
 {
   "city": "Cape Coral ",
   "country": "United States"
 },
 {
   "city": "Springfield ",
   "country": "United States"
 },
 {
   "city": "Santa Rosa ",
   "country": "United States"
 },
 {
   "city": "Sioux Falls ",
   "country": "United States"
 },
 {
   "city": "Port St. Lucie ",
   "country": "United States"
 },
 {
   "city": "Dayton ",
   "country": "United States"
 },
 {
   "city": "Salem ",
   "country": "United States"
 },
 {
   "city": "Pomona ",
   "country": "United States"
 },
 {
   "city": "Springfield ",
   "country": "United States"
 },
 {
   "city": "Eugene ",
   "country": "United States"
 },
 {
   "city": "Corona ",
   "country": "United States"
 },
 {
   "city": "Pasadena ",
   "country": "United States"
 },
 {
   "city": "Joliet ",
   "country": "United States"
 },
 {
   "city": "Pembroke Pines ",
   "country": "United States"
 },
 {
   "city": "Paterson ",
   "country": "United States"
 },
 {
   "city": "Hampton ",
   "country": "United States"
 },
 {
   "city": "Lancaster ",
   "country": "United States"
 },
 {
   "city": "Alexandria ",
   "country": "United States"
 },
 {
   "city": "Salinas ",
   "country": "United States"
 },
 {
   "city": "Palmdale ",
   "country": "United States"
 },
 {
   "city": "Naperville ",
   "country": "United States"
 },
 {
   "city": "Pasadena ",
   "country": "United States"
 },
 {
   "city": "Kansas City ",
   "country": "United States"
 },
 {
   "city": "Hayward ",
   "country": "United States"
 },
 {
   "city": "Hollywood ",
   "country": "United States"
 },
 {
   "city": "Lakewood ",
   "country": "United States"
 },
 {
   "city": "Torrance ",
   "country": "United States"
 },
 {
   "city": "Syracuse ",
   "country": "United States"
 },
 {
   "city": "Escondido ",
   "country": "United States"
 },
 {
   "city": "Fort Collins ",
   "country": "United States"
 },
 {
   "city": "Bridgeport ",
   "country": "United States"
 },
 {
   "city": "Orange ",
   "country": "United States"
 },
 {
   "city": "Warren ",
   "country": "United States"
 },
 {
   "city": "Elk Grove ",
   "country": "United States"
 },
 {
   "city": "Savannah ",
   "country": "United States"
 },
 {
   "city": "Mesquite ",
   "country": "United States"
 },
 {
   "city": "Sunnyvale ",
   "country": "United States"
 },
 {
   "city": "Fullerton ",
   "country": "United States"
 },
 {
   "city": "McAllen ",
   "country": "United States"
 },
 {
   "city": "Cary",
   "country": "United States"
 },
 {
   "city": "Cedar Rapids ",
   "country": "United States"
 },
 {
   "city": "Sterling Heights ",
   "country": "United States"
 },
 {
   "city": "Columbia ",
   "country": "United States"
 },
 {
   "city": "Coral Springs ",
   "country": "United States"
 },
 {
   "city": "Carrollton ",
   "country": "United States"
 },
 {
   "city": "Elizabeth ",
   "country": "United States"
 },
 {
   "city": "Hartford ",
   "country": "United States"
 },
 {
   "city": "Waco ",
   "country": "United States"
 },
 {
   "city": "Bellevue ",
   "country": "United States"
 },
 {
   "city": "New Haven ",
   "country": "United States"
 },
 {
   "city": "West Valley City ",
   "country": "United States"
 },
 {
   "city": "Topeka ",
   "country": "United States"
 },
 {
   "city": "Thousand Oaks ",
   "country": "United States"
 },
 {
   "city": "El Monte ",
   "country": "United States"
 },
 {
   "city": "McKinney ",
   "country": "United States"
 },
 {
   "city": "Concord ",
   "country": "United States"
 },
 {
   "city": "Visalia ",
   "country": "United States"
 },
 {
   "city": "Simi Valley ",
   "country": "United States"
 },
 {
   "city": "Olathe ",
   "country": "United States"
 },
 {
   "city": "Clarksville ",
   "country": "United States"
 },
 {
   "city": "Denton ",
   "country": "United States"
 },
 {
   "city": "Stamford ",
   "country": "United States"
 },
 {
   "city": "Provo ",
   "country": "United States"
 },
 {
   "city": "Springfield ",
   "country": "United States"
 },
 {
   "city": "Killeen ",
   "country": "United States"
 },
 {
   "city": "Abilene ",
   "country": "United States"
 },
 {
   "city": "Evansville ",
   "country": "United States"
 },
 {
   "city": "Gainesville ",
   "country": "United States"
 },
 {
   "city": "Vallejo ",
   "country": "United States"
 },
 {
   "city": "Ann Arbor ",
   "country": "United States"
 },
 {
   "city": "Peoria ",
   "country": "United States"
 },
 {
   "city": "Lansing ",
   "country": "United States"
 },
 {
   "city": "Lafayette ",
   "country": "United States"
 },
 {
   "city": "Thornton ",
   "country": "United States"
 },
 {
   "city": "AthensUnited States",
   "country": ""
 },
 {
   "city": "Flint ",
   "country": "United States"
 },
 {
   "city": "Inglewood ",
   "country": "United States"
 },
 {
   "city": "Roseville ",
   "country": "United States"
 },
 {
   "city": "Charleston ",
   "country": "United States"
 },
 {
   "city": "Beaumont ",
   "country": "United States"
 },
 {
   "city": "Independence ",
   "country": "United States"
 },
 {
   "city": "Victorville ",
   "country": "United States"
 },
 {
   "city": "Santa Clara ",
   "country": "United States"
 },
 {
   "city": "Costa Mesa ",
   "country": "United States"
 },
 {
   "city": "Miami Gardens ",
   "country": "United States"
 },
 {
   "city": "Manchester ",
   "country": "United States"
 },
 {
   "city": "Miramar ",
   "country": "United States"
 },
 {
   "city": "Downey ",
   "country": "United States"
 },
 {
   "city": "Arvada ",
   "country": "United States"
 },
 {
   "city": "Allentown ",
   "country": "United States"
 },
 {
   "city": "Westminster ",
   "country": "United States"
 },
 {
   "city": "Waterbury ",
   "country": "United States"
 },
 {
   "city": "Norman ",
   "country": "United States"
 },
 {
   "city": "Midland ",
   "country": "United States"
 },
 {
   "city": "Elgin ",
   "country": "United States"
 },
 {
   "city": "West Covina ",
   "country": "United States"
 },
 {
   "city": "Clearwater ",
   "country": "United States"
 },
 {
   "city": "Cambridge ",
   "country": "United States"
 },
 {
   "city": "Pueblo ",
   "country": "United States"
 },
 {
   "city": "West Jordan ",
   "country": "United States"
 },
 {
   "city": "Round Rock ",
   "country": "United States"
 },
 {
   "city": "Billings ",
   "country": "United States"
 },
 {
   "city": "Erie ",
   "country": "United States"
 },
 {
   "city": "South Bend ",
   "country": "United States"
 },
 {
   "city": "Ventura",
   "country": "United States"
 },
 {
   "city": "Fairfield ",
   "country": "United States"
 },
 {
   "city": "Lowell ",
   "country": "United States"
 },
 {
   "city": "Norwalk ",
   "country": "United States"
 },
 {
   "city": "Burbank ",
   "country": "United States"
 },
 {
   "city": "Richmond ",
   "country": "United States"
 },
 {
   "city": "Pompano Beach ",
   "country": "United States"
 },
 {
   "city": "High Point ",
   "country": "United States"
 },
 {
   "city": "Murfreesboro ",
   "country": "United States"
 },
 {
   "city": "Lewisville ",
   "country": "United States"
 },
 {
   "city": "Richardson ",
   "country": "United States"
 },
 {
   "city": "Daly City ",
   "country": "United States"
 },
 {
   "city": "Berkeley ",
   "country": "United States"
 },
 {
   "city": "Gresham ",
   "country": "United States"
 },
 {
   "city": "Wichita Falls ",
   "country": "United States"
 },
 {
   "city": "Green Bay ",
   "country": "United States"
 },
 {
   "city": "Davenport ",
   "country": "United States"
 },
 {
   "city": "Palm Bay ",
   "country": "United States"
 },
 {
   "city": "Columbia ",
   "country": "United States"
 },
 {
   "city": "Portsmouth ",
   "country": "United States"
 },
 {
   "city": "Rochester ",
   "country": "United States"
 },
 {
   "city": "Antioch ",
   "country": "United States"
 },
 {
   "city": "Wilmington ",
   "country": "United States"
 },
 {
   "city": "Centennial ",
   "country": "United States"
 },
 {
   "city": "Odessa ",
   "country": "United States"
 },
 {
   "city": "West Palm Beach ",
   "country": "United States"
 },
 {
   "city": "Rialto ",
   "country": "United States"
 },
 {
   "city": "Everett ",
   "country": "United States"
 },
 {
   "city": "Murrieta ",
   "country": "United States"
 },
 {
   "city": "Tyler ",
   "country": "United States"
 },
 {
   "city": "Temecula ",
   "country": "United States"
 },
 {
   "city": "Kenosha ",
   "country": "United States"
 },
 {
   "city": "Frisco ",
   "country": "United States"
 },
 {
   "city": "Sandy ",
   "country": "United States"
 },
 {
   "city": "South Gate ",
   "country": "United States"
 },
 {
   "city": "Carlsbad ",
   "country": "United States"
 },
 {
   "city": "Gary ",
   "country": "United States"
 },
 {
   "city": "Mission Viejo ",
   "country": "United States"
 },
 {
   "city": "North Charleston ",
   "country": "United States"
 },
 {
   "city": "Boulder ",
   "country": "United States"
 },
 {
   "city": "Compton ",
   "country": "United States"
 },
 {
   "city": "Hillsboro ",
   "country": "United States"
 },
 {
   "city": "Albany ",
   "country": "United States"
 },
 {
   "city": "Fargo ",
   "country": "United States"
 },
 {
   "city": "Lakeland ",
   "country": "United States"
 },
 {
   "city": "Orem ",
   "country": "United States"
 },
 {
   "city": "Brockton ",
   "country": "United States"
 },
 {
   "city": "Roanoke ",
   "country": "United States"
 },
 {
   "city": "Broken Arrow ",
   "country": "United States"
 },
 {
   "city": "Surprise ",
   "country": "United States"
 },
 {
   "city": "Macon ",
   "country": "United States"
 },
 {
   "city": "El Cajon ",
   "country": "United States"
 },
 {
   "city": "Carson ",
   "country": "United States"
 },
 {
   "city": "Quincy ",
   "country": "United States"
 },
 {
   "city": "Clovis ",
   "country": "United States"
 },
 {
   "city": "San Mateo ",
   "country": "United States"
 },
 {
   "city": "Vacaville ",
   "country": "United States"
 },
 {
   "city": "San Angelo ",
   "country": "United States"
 },
 {
   "city": "Las Cruces ",
   "country": "United States"
 },
 {
   "city": "Beaverton ",
   "country": "United States"
 },
 {
   "city": "Greeley ",
   "country": "United States"
 },
 {
   "city": "New Bedford ",
   "country": "United States"
 },
 {
   "city": "Livonia ",
   "country": "United States"
 },
 {
   "city": "Vista ",
   "country": "United States"
 },
 {
   "city": "Fall River ",
   "country": "United States"
 },
 {
   "city": "Waukegan ",
   "country": "United States"
 },
 {
   "city": "Lawrence ",
   "country": "United States"
 },
 {
   "city": "Davie",
   "country": "United States"
 },
 {
   "city": "Tuscaloosa ",
   "country": "United States"
 },
 {
   "city": "Redding ",
   "country": "United States"
 },
 {
   "city": "Lawton ",
   "country": "United States"
 },
 {
   "city": "Yuma ",
   "country": "United States"
 },
 {
   "city": "Sunrise ",
   "country": "United States"
 },
 {
   "city": "Westminster ",
   "country": "United States"
 },
 {
   "city": "Sparks ",
   "country": "United States"
 },
 {
   "city": "Santa Monica ",
   "country": "United States"
 },
 {
   "city": "Roswell ",
   "country": "United States"
 },
 {
   "city": "Lynn ",
   "country": "United States"
 },
 {
   "city": "Nashua ",
   "country": "United States"
 },
 {
   "city": "Dearborn ",
   "country": "United States"
 },
 {
   "city": "Santa Maria ",
   "country": "United States"
 },
 {
   "city": "Spokane Valley ",
   "country": "United States"
 },
 {
   "city": "Santa Barbara ",
   "country": "United States"
 },
 {
   "city": "Alhambra ",
   "country": "United States"
 },
 {
   "city": "Longmont ",
   "country": "United States"
 },
 {
   "city": "Hesperia ",
   "country": "United States"
 },
 {
   "city": "Boca Raton ",
   "country": "United States"
 },
 {
   "city": "Fort Smith ",
   "country": "United States"
 },
 {
   "city": "Miami Beach ",
   "country": "United States"
 },
 {
   "city": "Warwick ",
   "country": "United States"
 },
 {
   "city": "Indio ",
   "country": "United States"
 },
 {
   "city": "Citrus Heights ",
   "country": "United States"
 },
 {
   "city": "Deltona ",
   "country": "United States"
 },
 {
   "city": "Federal Way ",
   "country": "United States"
 },
 {
   "city": "Hawthorne ",
   "country": "United States"
 },
 {
   "city": "Duluth ",
   "country": "United States"
 },
 {
   "city": "Lee's Summit ",
   "country": "United States"
 },
 {
   "city": "College Station ",
   "country": "United States"
 },
 {
   "city": "Yakima ",
   "country": "United States"
 },
 {
   "city": "Kent ",
   "country": "United States"
 },
 {
   "city": "Chico ",
   "country": "United States"
 },
 {
   "city": "Plantation ",
   "country": "United States"
 },
 {
   "city": "Norwalk ",
   "country": "United States"
 },
 {
   "city": "Chino ",
   "country": "United States"
 },
 {
   "city": "Pearland ",
   "country": "United States"
 },
 {
   "city": "Trenton ",
   "country": "United States"
 },
 {
   "city": "Ogden ",
   "country": "United States"
 },
 {
   "city": "Sioux City ",
   "country": "United States"
 },
 {
   "city": "Sandy Springs ",
   "country": "United States"
 },
 {
   "city": "Suffolk ",
   "country": "United States"
 },
 {
   "city": "Whittier ",
   "country": "United States"
 },
 {
   "city": "Racine ",
   "country": "United States"
 },
 {
   "city": "Newton ",
   "country": "United States"
 },
 {
   "city": "Avondale ",
   "country": "United States"
 },
 {
   "city": "Bloomington ",
   "country": "United States"
 },
 {
   "city": "Allen ",
   "country": "United States"
 },
 {
   "city": "Sugar Land ",
   "country": "United States"
 },
 {
   "city": "Reading ",
   "country": "United States"
 },
 {
   "city": "Cicero",
   "country": "United States"
 },
 {
   "city": "Nampa ",
   "country": "United States"
 },
 {
   "city": "Troy ",
   "country": "United States"
 },
 {
   "city": "Livermore ",
   "country": "United States"
 },
 {
   "city": "Cranston ",
   "country": "United States"
 },
 {
   "city": "Newport Beach ",
   "country": "United States"
 },
 {
   "city": "Rio Rancho ",
   "country": "United States"
 },
 {
   "city": "Greenville ",
   "country": "United States"
 },
 {
   "city": "Edmond ",
   "country": "United States"
 },
 {
   "city": "Champaign ",
   "country": "United States"
 },
 {
   "city": "Camden ",
   "country": "United States"
 },
 {
   "city": "Buena Park ",
   "country": "United States"
 },
 {
   "city": "Danbury ",
   "country": "United States"
 },
 {
   "city": "Tracy ",
   "country": "United States"
 },
 {
   "city": "San Marcos ",
   "country": "United States"
 },
 {
   "city": "Westland ",
   "country": "United States"
 },
 {
   "city": "Bellingham ",
   "country": "United States"
 },
 {
   "city": "Farmington Hills ",
   "country": "United States"
 },
 {
   "city": "Lakewood ",
   "country": "United States"
 },
 {
   "city": "Canton ",
   "country": "United States"
 },
 {
   "city": "Clifton ",
   "country": "United States"
 },
 {
   "city": "Parma ",
   "country": "United States"
 },
 {
   "city": "San Leandro ",
   "country": "United States"
 },
 {
   "city": "Evanston ",
   "country": "United States"
 },
 {
   "city": "Baldwin Park ",
   "country": "United States"
 },
 {
   "city": "Melbourne ",
   "country": "United States"
 },
 {
   "city": "Longview ",
   "country": "United States"
 },
 {
   "city": "Bend ",
   "country": "United States"
 },
 {
   "city": "Merced ",
   "country": "United States"
 },
 {
   "city": "O'Fallon ",
   "country": "United States"
 },
 {
   "city": "Hammond ",
   "country": "United States"
 },
 {
   "city": "Decatur ",
   "country": "United States"
 },
 {
   "city": "Jacksonville ",
   "country": "United States"
 },
 {
   "city": "St. Joseph ",
   "country": "United States"
 },
 {
   "city": "Albany ",
   "country": "United States"
 },
 {
   "city": "Somerville ",
   "country": "United States"
 },
 {
   "city": "Lake Forest ",
   "country": "United States"
 },
 {
   "city": "Southfield ",
   "country": "United States"
 },
 {
   "city": "Missouri City ",
   "country": "United States"
 },
 {
   "city": "Deerfield Beach ",
   "country": "United States"
 },
 {
   "city": "Napa ",
   "country": "United States"
 },
 {
   "city": "Asheville ",
   "country": "United States"
 },
 {
   "city": "New Rochelle ",
   "country": "United States"
 },
 {
   "city": "Redwood City ",
   "country": "United States"
 },
 {
   "city": "Chino Hills ",
   "country": "United States"
 },
 {
   "city": "Arlington HeightsUnited States",
   "country": ""
 },
 {
   "city": "Fayetteville ",
   "country": "United States"
 },
 {
   "city": "Medford ",
   "country": "United States"
 },
 {
   "city": "Bellflower ",
   "country": "United States"
 },
 {
   "city": "Bloomington ",
   "country": "United States"
 },
 {
   "city": "Youngstown ",
   "country": "United States"
 },
 {
   "city": "Largo ",
   "country": "United States"
 },
 {
   "city": "St. George ",
   "country": "United States"
 },
 {
   "city": "Lynchburg ",
   "country": "United States"
 },
 {
   "city": "Wilmington ",
   "country": "United States"
 },
 {
   "city": "Gastonia ",
   "country": "United States"
 },
 {
   "city": "Bryan ",
   "country": "United States"
 },
 {
   "city": "Palm Coast ",
   "country": "United States"
 },
 {
   "city": "Bethlehem ",
   "country": "United States"
 },
 {
   "city": "Scranton ",
   "country": "United States"
 },
 {
   "city": "Kalamazoo ",
   "country": "United States"
 },
 {
   "city": "Union City ",
   "country": "United States"
 },
 {
   "city": "Upland ",
   "country": "United States"
 },
 {
   "city": "Santa Fe ",
   "country": "United States"
 },
 {
   "city": "Bloomington ",
   "country": "United States"
 },
 {
   "city": "Tustin ",
   "country": "United States"
 },
 {
   "city": "Pawtucket ",
   "country": "United States"
 },
 {
   "city": "Schaumburg",
   "country": "United States"
 },
 {
   "city": "Edinburg ",
   "country": "United States"
 },
 {
   "city": "Plymouth ",
   "country": "United States"
 },
 {
   "city": "Mountain View ",
   "country": "United States"
 },
 {
   "city": "Brooklyn Park ",
   "country": "United States"
 },
 {
   "city": "League City ",
   "country": "United States"
 },
 {
   "city": "Lake Charles ",
   "country": "United States"
 },
 {
   "city": "Hoover ",
   "country": "United States"
 },
 {
   "city": "Hemet ",
   "country": "United States"
 },
 {
   "city": "Bolingbrook",
   "country": "United States"
 },
 {
   "city": "Alameda ",
   "country": "United States"
 },
 {
   "city": "New Britain ",
   "country": "United States"
 },
 {
   "city": "Wyoming ",
   "country": "United States"
 },
 {
   "city": "Baytown ",
   "country": "United States"
 },
 {
   "city": "Appleton ",
   "country": "United States"
 },
 {
   "city": "Lorain ",
   "country": "United States"
 },
 {
   "city": "Apple Valley",
   "country": "United States"
 },
 {
   "city": "Gulfport ",
   "country": "United States"
 },
 {
   "city": "Lynwood ",
   "country": "United States"
 },
 {
   "city": "Lawrence ",
   "country": "United States"
 },
 {
   "city": "Redlands ",
   "country": "United States"
 },
 {
   "city": "Flower Mound",
   "country": "United States"
 },
 {
   "city": "Rochester Hills ",
   "country": "United States"
 },
 {
   "city": "FishersUnited States",
   "country": ""
 },
 {
   "city": "Mount Vernon ",
   "country": "United States"
 },
 {
   "city": "Turlock ",
   "country": "United States"
 },
 {
   "city": "Boynton Beach ",
   "country": "United States"
 },
 {
   "city": "Missoula ",
   "country": "United States"
 },
 {
   "city": "Springdale ",
   "country": "United States"
 },
 {
   "city": "Waukesha ",
   "country": "United States"
 },
 {
   "city": "Iowa City ",
   "country": "United States"
 },
 {
   "city": "Folsom ",
   "country": "United States"
 },
 {
   "city": "Marietta ",
   "country": "United States"
 },
 {
   "city": "Milpitas ",
   "country": "United States"
 },
 {
   "city": "Rock Hill ",
   "country": "United States"
 },
 {
   "city": "Mission ",
   "country": "United States"
 },
 {
   "city": "Palatine",
   "country": "United States"
 },
 {
   "city": "Lauderhill ",
   "country": "United States"
 },
 {
   "city": "St. Cloud ",
   "country": "United States"
 },
 {
   "city": "Kenner ",
   "country": "United States"
 },
 {
   "city": "Meridian ",
   "country": "United States"
 },
 {
   "city": "Passaic ",
   "country": "United States"
 },
 {
   "city": "Redondo Beach ",
   "country": "United States"
 },
 {
   "city": "Pleasanton ",
   "country": "United States"
 },
 {
   "city": "Carmel ",
   "country": "United States"
 },
 {
   "city": "Waterloo ",
   "country": "United States"
 },
 {
   "city": "Skokie",
   "country": "United States"
 },
 {
   "city": "Dothan ",
   "country": "United States"
 },
 {
   "city": "Concord ",
   "country": "United States"
 },
 {
   "city": "Pontiac ",
   "country": "United States"
 },
 {
   "city": "Yorba Linda ",
   "country": "United States"
 },
 {
   "city": "Loveland ",
   "country": "United States"
 },
 {
   "city": "Layton ",
   "country": "United States"
 },
 {
   "city": "Rapid City ",
   "country": "United States"
 },
 {
   "city": "Mount Pleasant",
   "country": "United States"
 },
 {
   "city": "Eau Claire ",
   "country": "United States"
 },
 {
   "city": "Fort Myers ",
   "country": "United States"
 },
 {
   "city": "East Orange ",
   "country": "United States"
 },
 {
   "city": "Pharr ",
   "country": "United States"
 },
 {
   "city": "North Richland Hills ",
   "country": "United States"
 },
 {
   "city": "Manteca ",
   "country": "United States"
 },
 {
   "city": "Muncie ",
   "country": "United States"
 },
 {
   "city": "Harlingen ",
   "country": "United States"
 },
 {
   "city": "Laguna Niguel ",
   "country": "United States"
 },
 {
   "city": "St. Charles ",
   "country": "United States"
 },
 {
   "city": "Daytona Beach ",
   "country": "United States"
 },
 {
   "city": "Pittsburg ",
   "country": "United States"
 },
 {
   "city": "Delray Beach ",
   "country": "United States"
 },
 {
   "city": "Lafayette ",
   "country": "United States"
 },
 {
   "city": "Eagan ",
   "country": "United States"
 },
 {
   "city": "Jonesboro ",
   "country": "United States"
 },
 {
   "city": "Oshkosh ",
   "country": "United States"
 },
 {
   "city": "Weston ",
   "country": "United States"
 },
 {
   "city": "Walnut Creek ",
   "country": "United States"
 },
 {
   "city": "Camarillo ",
   "country": "United States"
 },
 {
   "city": "Kennewick ",
   "country": "United States"
 },
 {
   "city": "Jackson ",
   "country": "United States"
 },
 {
   "city": "Pico Rivera ",
   "country": "United States"
 },
 {
   "city": "Davis ",
   "country": "United States"
 },
 {
   "city": "Portland ",
   "country": "United States"
 },
 {
   "city": "Victoria ",
   "country": "United States"
 },
 {
   "city": "Janesville ",
   "country": "United States"
 },
 {
   "city": "South San Francisco ",
   "country": "United States"
 },
 {
   "city": "Hamilton ",
   "country": "United States"
 },
 {
   "city": "Bossier City ",
   "country": "United States"
 },
 {
   "city": "Cedar Park ",
   "country": "United States"
 },
 {
   "city": "Kissimmee ",
   "country": "United States"
 },
 {
   "city": "Springfield ",
   "country": "United States"
 },
 {
   "city": "Renton ",
   "country": "United States"
 },
 {
   "city": "Rancho Cordova ",
   "country": "United States"
 },
 {
   "city": "Union City ",
   "country": "United States"
 },
 {
   "city": "Johnson City ",
   "country": "United States"
 },
 {
   "city": "Montebello ",
   "country": "United States"
 },
 {
   "city": "Coon Rapids ",
   "country": "United States"
 },
 {
   "city": "Maple Grove ",
   "country": "United States"
 },
 {
   "city": "San Clemente ",
   "country": "United States"
 },
 {
   "city": "Warner Robins ",
   "country": "United States"
 },
 {
   "city": "Lodi ",
   "country": "United States"
 },
 {
   "city": "Haverhill ",
   "country": "United States"
 },
 {
   "city": "Monterey Park ",
   "country": "United States"
 },
 {
   "city": "Yuba City ",
   "country": "United States"
 },
 {
   "city": "Eden Prairie ",
   "country": "United States"
 },
 {
   "city": "Schenectady ",
   "country": "United States"
 },
 {
   "city": "Shawnee ",
   "country": "United States"
 },
 {
   "city": "Bristol ",
   "country": "United States"
 },
 {
   "city": "Huntington Park ",
   "country": "United States"
 },
 {
   "city": "Rockville ",
   "country": "United States"
 },
 {
   "city": "Taylor ",
   "country": "United States"
 },
 {
   "city": "Bismarck ",
   "country": "United States"
 },
 {
   "city": "Encinitas ",
   "country": "United States"
 },
 {
   "city": "St. Clair Shores ",
   "country": "United States"
 },
 {
   "city": "Waltham ",
   "country": "United States"
 },
 {
   "city": "Flagstaff ",
   "country": "United States"
 },
 {
   "city": "Revere ",
   "country": "United States"
 },
 {
   "city": "Terre Haute ",
   "country": "United States"
 },
 {
   "city": "Greenville ",
   "country": "United States"
 },
 {
   "city": "Temple ",
   "country": "United States"
 },
 {
   "city": "Council Bluffs ",
   "country": "United States"
 },
 {
   "city": "Goodyear ",
   "country": "United States"
 },
 {
   "city": "Johns Creek ",
   "country": "United States"
 },
 {
   "city": "North Little Rock ",
   "country": "United States"
 },
 {
   "city": "West Allis ",
   "country": "United States"
 },
 {
   "city": "Palo Alto ",
   "country": "United States"
 },
 {
   "city": "Tamarac ",
   "country": "United States"
 },
 {
   "city": "Great Falls ",
   "country": "United States"
 },
 {
   "city": "Frederick ",
   "country": "United States"
 },
 {
   "city": "Tinley Park",
   "country": "United States"
 },
 {
   "city": "Meriden ",
   "country": "United States"
 },
 {
   "city": "La Habra ",
   "country": "United States"
 },
 {
   "city": "Burnsville ",
   "country": "United States"
 },
 {
   "city": "Taylorsville ",
   "country": "United States"
 },
 {
   "city": "Vineland ",
   "country": "United States"
 },
 {
   "city": "Gaithersburg ",
   "country": "United States"
 },
 {
   "city": "National City ",
   "country": "United States"
 },
 {
   "city": "Gardena ",
   "country": "United States"
 },
 {
   "city": "Franklin ",
   "country": "United States"
 },
 {
   "city": "Utica ",
   "country": "United States"
 },
 {
   "city": "Homestead ",
   "country": "United States"
 },
 {
   "city": "Conway ",
   "country": "United States"
 },
 {
   "city": "Bayonne ",
   "country": "United States"
 },
 {
   "city": "White Plains ",
   "country": "United States"
 },
 {
   "city": "Anderson ",
   "country": "United States"
 },
 {
   "city": "Dubuque ",
   "country": "United States"
 },
 {
   "city": "Diamond Bar ",
   "country": "United States"
 },
 {
   "city": "Springfield ",
   "country": "United States"
 },
 {
   "city": "Royal Oak ",
   "country": "United States"
 },
 {
   "city": "Galveston ",
   "country": "United States"
 },
 {
   "city": "Des Plaines ",
   "country": "United States"
 },
 {
   "city": "Rocky Mount ",
   "country": "United States"
 },
 {
   "city": "Lakewood ",
   "country": "United States"
 },
 {
   "city": "Cheyenne ",
   "country": "United States"
 },
 {
   "city": "Rogers ",
   "country": "United States"
 },
 {
   "city": "Madera ",
   "country": "United States"
 },
 {
   "city": "Tulare ",
   "country": "United States"
 },
 {
   "city": "Lake Havasu City ",
   "country": "United States"
 },
 {
   "city": "Ames ",
   "country": "United States"
 },
 {
   "city": "Midwest City ",
   "country": "United States"
 },
 {
   "city": "Arcadia ",
   "country": "United States"
 },
 {
   "city": "Woodbury ",
   "country": "United States"
 },
 {
   "city": "Santa Cruz ",
   "country": "United States"
 },
 {
   "city": "Auburn ",
   "country": "United States"
 },
 {
   "city": "Decatur ",
   "country": "United States"
 },
 {
   "city": "Port Arthur ",
   "country": "United States"
 },
 {
   "city": "North Miami ",
   "country": "United States"
 },
 {
   "city": "Rowlett ",
   "country": "United States"
 },
 {
   "city": "Taunton ",
   "country": "United States"
 },
 {
   "city": "Blue Springs ",
   "country": "United States"
 },
 {
   "city": "Perris ",
   "country": "United States"
 },
 {
   "city": "Saginaw ",
   "country": "United States"
 },
 {
   "city": "San Rafael ",
   "country": "United States"
 },
 {
   "city": "Malden ",
   "country": "United States"
 },
 {
   "city": "Medford ",
   "country": "United States"
 },
 {
   "city": "Fountain Valley ",
   "country": "United States"
 },
 {
   "city": "Owensboro ",
   "country": "United States"
 },
 {
   "city": "Orland Park",
   "country": "United States"
 },
 {
   "city": "St. Peters ",
   "country": "United States"
 },
 {
   "city": "Conroe ",
   "country": "United States"
 },
 {
   "city": "Auburn ",
   "country": "United States"
 },
 {
   "city": "West Des Moines ",
   "country": "United States"
 },
 {
   "city": "Pasco ",
   "country": "United States"
 },
 {
   "city": "Paramount ",
   "country": "United States"
 },
 {
   "city": "Bowling Green ",
   "country": "United States"
 },
 {
   "city": "Blaine ",
   "country": "United States"
 },
 {
   "city": "Elyria ",
   "country": "United States"
 },
 {
   "city": "Chicopee ",
   "country": "United States"
 },
 {
   "city": "North Port ",
   "country": "United States"
 },
 {
   "city": "Pocatello ",
   "country": "United States"
 },
 {
   "city": "Carson City",
   "country": "United States"
 },
 {
   "city": "Broomfield ",
   "country": "United States"
 },
 {
   "city": "Ocala ",
   "country": "United States"
 },
 {
   "city": "La Mesa ",
   "country": "United States"
 },
 {
   "city": "Petaluma ",
   "country": "United States"
 },
 {
   "city": "Lancaster ",
   "country": "United States"
 },
 {
   "city": "Port Orange ",
   "country": "United States"
 },
 {
   "city": "Woodland ",
   "country": "United States"
 },
 {
   "city": "Lakeville ",
   "country": "United States"
 },
 {
   "city": "Wellington",
   "country": "United States"
 },
 {
   "city": "Wheaton ",
   "country": "United States"
 },
 {
   "city": "Rosemead ",
   "country": "United States"
 },
 {
   "city": "Idaho Falls ",
   "country": "United States"
 },
 {
   "city": "Milford ",
   "country": "United States"
 },
 {
   "city": "Margate ",
   "country": "United States"
 },
 {
   "city": "Novi ",
   "country": "United States"
 },
 {
   "city": "Casper ",
   "country": "United States"
 },
 {
   "city": "Hempstead",
   "country": "United States"
 },
 {
   "city": "Santee ",
   "country": "United States"
 },
 {
   "city": "Pensacola ",
   "country": "United States"
 },
 {
   "city": "Kettering ",
   "country": "United States"
 },
 {
   "city": "Hoffman EstatesUnited States",
   "country": ""
 },
 {
   "city": "Cupertino ",
   "country": "United States"
 },
 {
   "city": "New Braunfels ",
   "country": "United States"
 },
 {
   "city": "Bradenton ",
   "country": "United States"
 },
 {
   "city": "Mount Prospect",
   "country": "United States"
 },
 {
   "city": "Oak Lawn",
   "country": "United States"
 },
 {
   "city": "Delano ",
   "country": "United States"
 },
 {
   "city": "San Marcos ",
   "country": "United States"
 },
 {
   "city": "Rocklin ",
   "country": "United States"
 },
 {
   "city": "Novato ",
   "country": "United States"
 },
 {
   "city": "Elkhart ",
   "country": "United States"
 },
 {
   "city": "Moore ",
   "country": "United States"
 },
 {
   "city": "Euless ",
   "country": "United States"
 },
 {
   "city": "Bowie ",
   "country": "United States"
 },
 {
   "city": "Chapel Hill",
   "country": "United States"
 },
 {
   "city": "West Haven ",
   "country": "United States"
 },
 {
   "city": "Sarasota ",
   "country": "United States"
 },
 {
   "city": "Manhattan ",
   "country": "United States"
 },
 {
   "city": "Cathedral City ",
   "country": "United States"
 },
 {
   "city": "Normal",
   "country": "United States"
 },
 {
   "city": "Battle Creek ",
   "country": "United States"
 },
 {
   "city": "Shoreline ",
   "country": "United States"
 },
 {
   "city": "Hattiesburg ",
   "country": "United States"
 },
 {
   "city": "Dearborn Heights ",
   "country": "United States"
 },
 {
   "city": "Porterville ",
   "country": "United States"
 },
 {
   "city": "Mentor ",
   "country": "United States"
 },
 {
   "city": "Middletown ",
   "country": "United States"
 },
 {
   "city": "Niagara Falls ",
   "country": "United States"
 },
 {
   "city": "Peabody ",
   "country": "United States"
 },
 {
   "city": "Cerritos ",
   "country": "United States"
 },
 {
   "city": "Grand Forks ",
   "country": "United States"
 },
 {
   "city": "Monroe ",
   "country": "United States"
 },
 {
   "city": "New Brunswick ",
   "country": "United States"
 },
 {
   "city": "South Jordan ",
   "country": "United States"
 },
 {
   "city": "Corvallis ",
   "country": "United States"
 },
 {
   "city": "Highland ",
   "country": "United States"
 },
 {
   "city": "Cuyahoga Falls ",
   "country": "United States"
 },
 {
   "city": "Lake Elsinore ",
   "country": "United States"
 },
 {
   "city": "La Crosse ",
   "country": "United States"
 },
 {
   "city": "Palm Desert ",
   "country": "United States"
 },
 {
   "city": "Burlington ",
   "country": "United States"
 },
 {
   "city": "Lakewood ",
   "country": "United States"
 },
 {
   "city": "Sanford ",
   "country": "United States"
 },
 {
   "city": "Florissant ",
   "country": "United States"
 },
 {
   "city": "Colton ",
   "country": "United States"
 },
 {
   "city": "Grapevine ",
   "country": "United States"
 },
 {
   "city": "Watsonville ",
   "country": "United States"
 },
 {
   "city": "Coconut Creek ",
   "country": "United States"
 },
 {
   "city": "Pine Bluff ",
   "country": "United States"
 },
 {
   "city": "Charleston ",
   "country": "United States"
 },
 {
   "city": "Hanford ",
   "country": "United States"
 },
 {
   "city": "Minnetonka ",
   "country": "United States"
 },
 {
   "city": "Mishawaka ",
   "country": "United States"
 },
 {
   "city": "Apple Valley ",
   "country": "United States"
 },
 {
   "city": "Gilroy ",
   "country": "United States"
 },
 {
   "city": "Berwyn ",
   "country": "United States"
 },
 {
   "city": "Alpharetta ",
   "country": "United States"
 },
 {
   "city": "Smyrna ",
   "country": "United States"
 },
 {
   "city": "La Mirada ",
   "country": "United States"
 },
 {
   "city": "Joplin ",
   "country": "United States"
 },
 {
   "city": "Yucaipa ",
   "country": "United States"
 },
 {
   "city": "Bellevue ",
   "country": "United States"
 },
 {
   "city": "Placentia ",
   "country": "United States"
 },
 {
   "city": "Grand Junction ",
   "country": "United States"
 },
 {
   "city": "Georgetown ",
   "country": "United States"
 },
 {
   "city": "Rancho Santa Margarita ",
   "country": "United States"
 },
 {
   "city": "Mansfield ",
   "country": "United States"
 },
 {
   "city": "Oak Park",
   "country": "United States"
 },
 {
   "city": "Redmond ",
   "country": "United States"
 },
 {
   "city": "Brentwood ",
   "country": "United States"
 },
 {
   "city": "Glendora ",
   "country": "United States"
 },
 {
   "city": "Downers Grove",
   "country": "United States"
 },
 {
   "city": "Palm Beach Gardens ",
   "country": "United States"
 },
 {
   "city": "Huntington ",
   "country": "United States"
 },
 {
   "city": "San Ramon ",
   "country": "United States"
 },
 {
   "city": "Bedford ",
   "country": "United States"
 },
 {
   "city": "Jupiter",
   "country": "United States"
 },
 {
   "city": "Poway ",
   "country": "United States"
 },
 {
   "city": "Perth Amboy ",
   "country": "United States"
 },
 {
   "city": "Tigard ",
   "country": "United States"
 },
 {
   "city": "Logan ",
   "country": "United States"
 },
 {
   "city": "Alexandria ",
   "country": "United States"
 },
 {
   "city": "Valdosta ",
   "country": "United States"
 },
 {
   "city": "East Providence ",
   "country": "United States"
 },
 {
   "city": "Wilson ",
   "country": "United States"
 },
 {
   "city": "Albany ",
   "country": "United States"
 },
 {
   "city": "Middletown ",
   "country": "United States"
 },
 {
   "city": "Palm Springs ",
   "country": "United States"
 },
 {
   "city": "Sheboygan ",
   "country": "United States"
 },
 {
   "city": "Hendersonville ",
   "country": "United States"
 },
 {
   "city": "Greenwood ",
   "country": "United States"
 },
 {
   "city": "Stillwater ",
   "country": "United States"
 },
 {
   "city": "DeSoto ",
   "country": "United States"
 },
 {
   "city": "West Sacramento ",
   "country": "United States"
 },
 {
   "city": "Bartlett ",
   "country": "United States"
 },
 {
   "city": "Troy ",
   "country": "United States"
 },
 {
   "city": "Kentwood ",
   "country": "United States"
 },
 {
   "city": "Euclid ",
   "country": "United States"
 },
 {
   "city": "Enid ",
   "country": "United States"
 },
 {
   "city": "Kirkland ",
   "country": "United States"
 },
 {
   "city": "Buckeye",
   "country": "United States"
 },
 {
   "city": "Newark ",
   "country": "United States"
 },
 {
   "city": "Pinellas Park ",
   "country": "United States"
 },
 {
   "city": "Harrisburg ",
   "country": "United States"
 },
 {
   "city": "Cypress ",
   "country": "United States"
 },
 {
   "city": "Covina ",
   "country": "United States"
 },
 {
   "city": "Azusa ",
   "country": "United States"
 },
 {
   "city": "Lenexa ",
   "country": "United States"
 },
 {
   "city": "Lehi ",
   "country": "United States"
 },
 {
   "city": "Roseville ",
   "country": "United States"
 },
 {
   "city": "Salina ",
   "country": "United States"
 },
 {
   "city": "West New York",
   "country": "United States"
 },
 {
   "city": "Murray ",
   "country": "United States"
 },
 {
   "city": "Roswell ",
   "country": "United States"
 },
 {
   "city": "Barnstable Town ",
   "country": "United States"
 },
 {
   "city": "Glenview",
   "country": "United States"
 },
 {
   "city": "Richland ",
   "country": "United States"
 },
 {
   "city": "Altoona ",
   "country": "United States"
 },
 {
   "city": "Mansfield ",
   "country": "United States"
 },
 {
   "city": "Portage ",
   "country": "United States"
 },
 {
   "city": "Plainfield ",
   "country": "United States"
 },
 {
   "city": "Chesterfield ",
   "country": "United States"
 },
 {
   "city": "Elmhurst ",
   "country": "United States"
 },
 {
   "city": "East Lansing ",
   "country": "United States"
 },
 {
   "city": "Cleveland Heights ",
   "country": "United States"
 },
 {
   "city": "Grand Island ",
   "country": "United States"
 },
 {
   "city": "Kokomo ",
   "country": "United States"
 },
 {
   "city": "Biloxi ",
   "country": "United States"
 },
 {
   "city": "Edina ",
   "country": "United States"
 },
 {
   "city": "Maricopa ",
   "country": "United States"
 },
 {
   "city": "DeKalb ",
   "country": "United States"
 },
 {
   "city": "St. Louis Park ",
   "country": "United States"
 },
 {
   "city": "Olympia ",
   "country": "United States"
 },
 {
   "city": "Summerville",
   "country": "United States"
 },
 {
   "city": "Wauwatosa ",
   "country": "United States"
 },
 {
   "city": "Cedar Hill ",
   "country": "United States"
 },
 {
   "city": "Titusville ",
   "country": "United States"
 },
 {
   "city": "Binghamton ",
   "country": "United States"
 },
 {
   "city": "Bell Gardens ",
   "country": "United States"
 },
 {
   "city": "Danville ",
   "country": "United States"
 },
 {
   "city": "Texas City ",
   "country": "United States"
 },
 {
   "city": "Bountiful ",
   "country": "United States"
 },
 {
   "city": "Kingsport ",
   "country": "United States"
 },
 {
   "city": "Castle Rock",
   "country": "United States"
 },
 {
   "city": "Dublin ",
   "country": "United States"
 },
 {
   "city": "Southaven ",
   "country": "United States"
 },
 {
   "city": "Methuen ",
   "country": "United States"
 },
 {
   "city": "Huntersville",
   "country": "United States"
 },
 {
   "city": "Harrisonburg ",
   "country": "United States"
 },
 {
   "city": "Freeport",
   "country": "United States"
 },
 {
   "city": "La Quinta ",
   "country": "United States"
 },
 {
   "city": "Warren ",
   "country": "United States"
 },
 {
   "city": "Parker",
   "country": "United States"
 },
 {
   "city": "San Luis Obispo ",
   "country": "United States"
 },
 {
   "city": "Lincoln ",
   "country": "United States"
 },
 {
   "city": "Oro Valley",
   "country": "United States"
 },
 {
   "city": "East Point ",
   "country": "United States"
 },
 {
   "city": "Coeur d'Alene ",
   "country": "United States"
 },
 {
   "city": "Sierra Vista ",
   "country": "United States"
 },
 {
   "city": "Woonsocket ",
   "country": "United States"
 },
 {
   "city": "Lawrence ",
   "country": "United States"
 },
 {
   "city": "Covington ",
   "country": "United States"
 },
 {
   "city": "Moline ",
   "country": "United States"
 },
 {
   "city": "Buffalo Grove",
   "country": "United States"
 },
 {
   "city": "Lombard",
   "country": "United States"
 },
 {
   "city": "Attleboro ",
   "country": "United States"
 },
 {
   "city": "Hackensack ",
   "country": "United States"
 },
 {
   "city": "Coral Gables ",
   "country": "United States"
 },
 {
   "city": "Bonita Springs ",
   "country": "United States"
 },
 {
   "city": "Prescott ",
   "country": "United States"
 },
 {
   "city": "Ceres ",
   "country": "United States"
 },
 {
   "city": "Pittsfield ",
   "country": "United States"
 },
 {
   "city": "Farmington ",
   "country": "United States"
 },
 {
   "city": "Strongsville ",
   "country": "United States"
 },
 {
   "city": "Kannapolis ",
   "country": "United States"
 },
 {
   "city": "Commerce City ",
   "country": "United States"
 },
 {
   "city": "Fairfield ",
   "country": "United States"
 },
 {
   "city": "Caldwell ",
   "country": "United States"
 },
 {
   "city": "Draper ",
   "country": "United States"
 },
 {
   "city": "Oakland Park ",
   "country": "United States"
 },
 {
   "city": "Ankeny ",
   "country": "United States"
 },
 {
   "city": "The Colony ",
   "country": "United States"
 },
 {
   "city": "Concord ",
   "country": "United States"
 },
 {
   "city": "Bartlett",
   "country": "United States"
 },
 {
   "city": "Sayreville",
   "country": "United States"
 },
 {
   "city": "Twin Falls ",
   "country": "United States"
 },
 {
   "city": "Noblesville ",
   "country": "United States"
 },
 {
   "city": "Fond du Lac ",
   "country": "United States"
 },
 {
   "city": "Crystal Lake ",
   "country": "United States"
 },
 {
   "city": "Blacksburg",
   "country": "United States"
 },
 {
   "city": "Newark ",
   "country": "United States"
 },
 {
   "city": "North Lauderdale ",
   "country": "United States"
 },
 {
   "city": "Chelsea ",
   "country": "United States"
 },
 {
   "city": "Aliso Viejo ",
   "country": "United States"
 },
 {
   "city": "Charlottesville ",
   "country": "United States"
 },
 {
   "city": "Hickory ",
   "country": "United States"
 },
 {
   "city": "Salem ",
   "country": "United States"
 },
 {
   "city": "Danville",
   "country": "United States"
 },
 {
   "city": "Casa Grande ",
   "country": "United States"
 },
 {
   "city": "Rancho Palos Verdes ",
   "country": "United States"
 },
 {
   "city": "Lompoc ",
   "country": "United States"
 },
 {
   "city": "Belleville ",
   "country": "United States"
 },
 {
   "city": "Leominster ",
   "country": "United States"
 },
 {
   "city": "Wilkes-Barre ",
   "country": "United States"
 },
 {
   "city": "Midland ",
   "country": "United States"
 },
 {
   "city": "Hutchinson ",
   "country": "United States"
 },
 {
   "city": "Fort Pierce ",
   "country": "United States"
 },
 {
   "city": "Bullhead City ",
   "country": "United States"
 },
 {
   "city": "Littleton ",
   "country": "United States"
 },
 {
   "city": "Jefferson City ",
   "country": "United States"
 },
 {
   "city": "Lacey ",
   "country": "United States"
 },
 {
   "city": "La Puente ",
   "country": "United States"
 },
 {
   "city": "Westfield ",
   "country": "United States"
 },
 {
   "city": "Hoboken ",
   "country": "United States"
 },
 {
   "city": "Rohnert Park ",
   "country": "United States"
 },
 {
   "city": "San Gabriel ",
   "country": "United States"
 },
 {
   "city": "San Bruno ",
   "country": "United States"
 },
 {
   "city": "Fitchburg ",
   "country": "United States"
 },
 {
   "city": "Haltom City ",
   "country": "United States"
 },
 {
   "city": "Sammamish ",
   "country": "United States"
 },
 {
   "city": "Edmonds ",
   "country": "United States"
 },
 {
   "city": "Muskogee ",
   "country": "United States"
 },
 {
   "city": "York ",
   "country": "United States"
 },
 {
   "city": "El Centro ",
   "country": "United States"
 },
 {
   "city": "Carol Stream",
   "country": "United States"
 },
 {
   "city": "Columbus ",
   "country": "United States"
 },
 {
   "city": "Shelton ",
   "country": "United States"
 },
 {
   "city": "Quincy ",
   "country": "United States"
 },
 {
   "city": "Altamonte Springs ",
   "country": "United States"
 },
 {
   "city": "Holyoke ",
   "country": "United States"
 },
 {
   "city": "Beavercreek ",
   "country": "United States"
 },
 {
   "city": "Cleveland ",
   "country": "United States"
 },
 {
   "city": "Riverton ",
   "country": "United States"
 },
 {
   "city": "Hagerstown ",
   "country": "United States"
 },
 {
   "city": "Pflugerville ",
   "country": "United States"
 },
 {
   "city": "Urbana ",
   "country": "United States"
 },
 {
   "city": "Leesburg",
   "country": "United States"
 },
 {
   "city": "Spartanburg ",
   "country": "United States"
 },
 {
   "city": "Hot Springs ",
   "country": "United States"
 },
 {
   "city": "Bozeman ",
   "country": "United States"
 },
 {
   "city": "State College",
   "country": "United States"
 },
 {
   "city": "Atlantic City ",
   "country": "United States"
 },
 {
   "city": "Muskegon ",
   "country": "United States"
 },
 {
   "city": "Coachella ",
   "country": "United States"
 },
 {
   "city": "Beverly ",
   "country": "United States"
 },
 {
   "city": "Collierville",
   "country": "United States"
 },
 {
   "city": "Linden ",
   "country": "United States"
 },
 {
   "city": "Coppell ",
   "country": "United States"
 },
 {
   "city": "Brookfield ",
   "country": "United States"
 },
 {
   "city": "Keller ",
   "country": "United States"
 },
 {
   "city": "Burlington ",
   "country": "United States"
 },
 {
   "city": "Madison ",
   "country": "United States"
 },
 {
   "city": "Hallandale Beach ",
   "country": "United States"
 },
 {
   "city": "New Berlin ",
   "country": "United States"
 },
 {
   "city": "Sumter ",
   "country": "United States"
 },
 {
   "city": "Campbell ",
   "country": "United States"
 },
 {
   "city": "Culver City ",
   "country": "United States"
 },
 {
   "city": "Hurst ",
   "country": "United States"
 },
 {
   "city": "Dublin ",
   "country": "United States"
 },
 {
   "city": "Prescott Valley",
   "country": "United States"
 },
 {
   "city": "Huntsville ",
   "country": "United States"
 },
 {
   "city": "Urbandale ",
   "country": "United States"
 },
 {
   "city": "Calexico ",
   "country": "United States"
 },
 {
   "city": "Temple City ",
   "country": "United States"
 },
 {
   "city": "Brea ",
   "country": "United States"
 },
 {
   "city": "Meridian ",
   "country": "United States"
 },
 {
   "city": "Rock Island ",
   "country": "United States"
 },
 {
   "city": "Morgan Hill ",
   "country": "United States"
 },
 {
   "city": "Sherman ",
   "country": "United States"
 },
 {
   "city": "Cedar Falls ",
   "country": "United States"
 },
 {
   "city": "Romeoville",
   "country": "United States"
 },
 {
   "city": "North Miami Beach ",
   "country": "United States"
 },
 {
   "city": "Ormond Beach ",
   "country": "United States"
 },
 {
   "city": "Apopka ",
   "country": "United States"
 },
 {
   "city": "Marlborough ",
   "country": "United States"
 },
 {
   "city": "University City ",
   "country": "United States"
 },
  {
    "city": "Apia",
    "country": "Samoa"
  },
  {
    "city": "Alofi",
    "country": "Niue"
  },
  {
    "city": "Avarua",
    "country": "Cook Islands"
  },
  {
    "city": "Papeete",
    "country": "French Polynesia"
  },
  {
    "city": "Whitehorse",
    "country": "Canada"
  },
  {
    "city": "Vancouver",
    "country": "Canada"
  },
  {
    "city": "Tijuana",
    "country": "Mexico"
  },
  {
    "city": "Mexicali",
    "country": "Mexico"
  },
  {
    "city": "Yellowknife",
    "country": "Canada"
  },
  {
    "city": "Calgary",
    "country": "Canada"
  },
  {
    "city": "Edmonton",
    "country": "Canada"
  },
  {
    "city": "Hanga Roa",
    "country": "Chile"
  },
  {
    "city": "Saskatoon",
    "country": "Canada"
  },
  {
    "city": "Chihuahua",
    "country": "Mexico"
  },
  {
    "city": "Durango",
    "country": "Mexico"
  },
  {
    "city": "Regina",
    "country": "Canada"
  },
  {
    "city": "Zapopan",
    "country": "Mexico"
  },
  {
    "city": "Guadalajara",
    "country": "Mexico"
  },
  {
    "city": "Monterrey",
    "country": "Mexico"
  },
  {
    "city": "Mexico City",
    "country": "Mexico"
  },
  {
    "city": "Puebla",
    "country": "Mexico"
  },
  {
    "city": "Winnipeg",
    "country": "Canada"
  },
  {
    "city": "Veracruz",
    "country": "Mexico"
  },
  {
    "city": "Quetzaltenango",
    "country": "Guatemala"
  },
  {
    "city": "Guatemala City",
    "country": "Guatemala"
  },
  {
    "city": "Mrida",
    "country": "Mexico"
  },
  {
    "city": "San Salvador",
    "country": "El Salvador"
  },
  {
    "city": "Belmopan",
    "country": "Belize"
  },
  {
    "city": "Belize City",
    "country": "Belize"
  },
  {
    "city": "Tegucigalpa",
    "country": "Honduras"
  },
  {
    "city": "Managua",
    "country": "Nicaragua"
  },
  {
    "city": "San Jos",
    "country": "Costa Rica"
  },
  {
    "city": "Havana",
    "country": "Cuba"
  },
  {
    "city": "George Town",
    "country": "Malaysia"
  },
  {
    "city": "Guayaquil",
    "country": "Ecuador"
  },
  {
    "city": "Panama City",
    "country": "Panama"
  },
  {
    "city": "Toronto",
    "country": "Canada"
  },
  {
    "city": "Quito",
    "country": "Ecuador"
  },
  {
    "city": "Nassau",
    "country": "The Bahamas"
  },
  {
    "city": "Lima",
    "country": "Peru"
  },
  {
    "city": "Kingston",
    "country": "Jamaica"
  },
  {
    "city": "Cali",
    "country": "Colombia"
  },
  {
    "city": "Ottawa",
    "country": "Canada"
  },
  {
    "city": "Medelln",
    "country": "Colombia"
  },
  {
    "city": "Cartagena",
    "country": "Colombia"
  },
  {
    "city": "Barranquilla",
    "country": "Colombia"
  },
  {
    "city": "Bogot",
    "country": "Colombia"
  },
  {
    "city": "Montreal",
    "country": "Canada"
  },
  {
    "city": "Iquitos",
    "country": "Peru"
  },
  {
    "city": "Valdivia",
    "country": "Chile"
  },
  {
    "city": "Concepcin",
    "country": "Chile"
  },
  {
    "city": "Cusco",
    "country": "Peru"
  },
  {
    "city": "Maracaibo",
    "country": "Venezuela"
  },
  {
    "city": "Valparaso",
    "country": "Chile"
  },
  {
    "city": "Arequipa",
    "country": "Peru"
  },
  {
    "city": "La Serena",
    "country": "Chile"
  },
  {
    "city": "Cockburn Town",
    "country": "Turks and Caicos Islands"
  },
  {
    "city": "Punta Arenas",
    "country": "Chile"
  },
  {
    "city": "Santiago",
    "country": "Chile"
  },
  {
    "city": "Antofagasta",
    "country": "Chile"
  },
  {
    "city": "Iquique",
    "country": "Chile"
  },
  {
    "city": "Oranjestad",
    "country": "Aruba"
  },
  {
    "city": "Santo Domingo",
    "country": "Dominican Republic"
  },
  {
    "city": "Rio Branco",
    "country": "Brazil"
  },
  {
    "city": "Willemstad",
    "country": "Netherlands Antilles"
  },
  {
    "city": "Calama",
    "country": "Chile"
  },
  {
    "city": "Mendoza",
    "country": "Argentina"
  },
  {
    "city": "Iqaluit",
    "country": "Canada"
  },
  {
    "city": "Ushuaia",
    "country": "Argentina"
  },
  {
    "city": "La Paz",
    "country": "Bolivia"
  },
  {
    "city": "Puerto Williams",
    "country": "Chile"
  },
  {
    "city": "Caracas",
    "country": "Venezuela"
  },
  {
    "city": "Fredericton",
    "country": "Canada"
  },
  {
    "city": "San Juan",
    "country": "Puerto Rico"
  },
  {
    "city": "Saint John",
    "country": "Grenada"
  },
  {
    "city": "Sucre",
    "country": "Bolivia"
  },
  {
    "city": "Hamilton",
    "country": "Bermuda"
  },
  {
    "city": "Road Town",
    "country": "British Virgin Islands"
  },
  {
    "city": "Crdoba",
    "country": "Argentina"
  },
  {
    "city": "Porto Velho",
    "country": "Brazil"
  },
  {
    "city": "Charlottetown",
    "country": "Canada"
  },
  {
    "city": "The Valley",
    "country": "Anguilla"
  },
  {
    "city": "Basse-Terre",
    "country": "Guadeloupe"
  },
  {
    "city": "Baha Blanca",
    "country": "Argentina"
  },
  {
    "city": "St. John's",
    "country": "Canada"
  },
  {
    "city": "San Fernando",
    "country": "Trinidad and Tobago"
  },
  {
    "city": "Roseau",
    "country": "Dominica"
  },
  {
    "city": "Chaguanas",
    "country": "Trinidad and Tobago"
  },
  {
    "city": "Kingstown",
    "country": "Saint Vincent and the Grenadines"
  },
  {
    "city": "Castries",
    "country": "St. Lucia"
  },
  {
    "city": "Rosario",
    "country": "Argentina"
  },
  {
    "city": "Boa Vista",
    "country": "Brazil"
  },
  {
    "city": "Manaus",
    "country": "Brazil"
  },
  {
    "city": "Bridgetown",
    "country": "Barbados"
  },
  {
    "city": "Buenos Aires",
    "country": "Argentina"
  },
  {
    "city": "Stanley",
    "country": "Hong Kong"
  },
  {
    "city": "Asuncin",
    "country": "Paraguay"
  },
  {
    "city": "Saint-Pierre",
    "country": "Runion"
  },
  {
    "city": "Montevideo",
    "country": "Uruguay"
  },
  {
    "city": "Cuiab",
    "country": "Brazil"
  },
  {
    "city": "Paramaribo",
    "country": "Suriname"
  },
  {
    "city": "Campo Grande",
    "country": "Brazil"
  },
  {
    "city": "Chu",
    "country": "Brazil"
  },
  {
    "city": "Pelotas",
    "country": "Brazil"
  },
  {
    "city": "Cayenne",
    "country": "French Guiana"
  },
  {
    "city": "Nuuk",
    "country": "Greenland"
  },
  {
    "city": "Porto Alegre",
    "country": "Brazil"
  },
  {
    "city": "Macap",
    "country": "Brazil"
  },
  {
    "city": "Assis",
    "country": "Italy"
  },
  {
    "city": "Curitiba",
    "country": "Brazil"
  },
  {
    "city": "Belm",
    "country": "Brazil"
  },
  {
    "city": "Braslia",
    "country": "Brazil"
  },
  {
    "city": "Campinas",
    "country": "Brazil"
  },
  {
    "city": "So Paulo",
    "country": "Brazil"
  },
  {
    "city": "Vitria",
    "country": "Brazil"
  },
  {
    "city": "Ilhus",
    "country": "Brazil"
  },
  {
    "city": "Fortaleza",
    "country": "Brazil"
  },
  {
    "city": "Macei",
    "country": "Brazil"
  },
  {
    "city": "Recife",
    "country": "Brazil"
  },
  {
    "city": "Ponta Delgada",
    "country": "Portugal"
  },
  {
    "city": "Praia",
    "country": "Brazil"
  },
  {
    "city": "Reykjavk",
    "country": "Iceland"
  },
  {
    "city": "Dakar",
    "country": "Senegal"
  },
  {
    "city": "This",
    "country": "Senegal"
  },
  {
    "city": "Serekunda",
    "country": "The Gambia"
  },
  {
    "city": "Brikama",
    "country": "The Gambia"
  },
  {
    "city": "Banjul",
    "country": "The Gambia"
  },
  {
    "city": "Nouakchott",
    "country": "Mauritania"
  },
  {
    "city": "Bissau",
    "country": "Guinea-Bissau"
  },
  {
    "city": "Conakry",
    "country": "Guinea"
  },
  {
    "city": "Freetown",
    "country": "Sierra Leone"
  },
  {
    "city": "El Aain",
    "country": "Western Sahara"
  },
  {
    "city": "Monrovia",
    "country": "Liberia"
  },
  {
    "city": "Lisbon",
    "country": "Portugal"
  },
  {
    "city": "Porto",
    "country": "Brazil"
  },
  {
    "city": "Bamako",
    "country": "Mali"
  },
  {
    "city": "Casablanca",
    "country": "Morocco"
  },
  {
    "city": "Koulikoro",
    "country": "Mali"
  },
  {
    "city": "Rabat",
    "country": "Morocco"
  },
  {
    "city": "Trshavn",
    "country": "Faroe Islands"
  },
  {
    "city": "Dublin",
    "country": "Ireland"
  },
  {
    "city": "Seville",
    "country": "Spain"
  },
  {
    "city": "Belfast",
    "country": "United Kingdom"
  },
  {
    "city": "Gibraltar",
    "country": "Gibraltar"
  },
  {
    "city": "Yamoussoukro",
    "country": "Cte d'Ivoire"
  },
  {
    "city": "Douglas",
    "country": "Australia"
  },
  {
    "city": "Mlaga",
    "country": "Spain"
  },
  {
    "city": "Glasgow",
    "country": "United Kingdom"
  },
  {
    "city": "Abidjan",
    "country": "Cte d'Ivoire"
  },
  {
    "city": "Madrid",
    "country": "Spain"
  },
  {
    "city": "Cardiff",
    "country": "United Kingdom"
  },
  {
    "city": "Edinburgh",
    "country": "United Kingdom"
  },
  {
    "city": "Timbuktu",
    "country": "Mali"
  },
  {
    "city": "Liverpool",
    "country": "United Kingdom"
  },
  {
    "city": "Bilbao",
    "country": "Spain"
  },
  {
    "city": "Manchester",
    "country": "United Kingdom"
  },
  {
    "city": "Aberdeen",
    "country": "United Kingdom"
  },
  {
    "city": "Birmingham",
    "country": "United Kingdom"
  },
  {
    "city": "Leeds",
    "country": "United Kingdom"
  },
  {
    "city": "Nantes",
    "country": "France"
  },
  {
    "city": "Ouagadougou",
    "country": "Burkina Faso"
  },
  {
    "city": "Tamale",
    "country": "Ghana"
  },
  {
    "city": "Valencia",
    "country": "Spain"
  },
  {
    "city": "Accra",
    "country": "Ghana"
  },
  {
    "city": "London",
    "country": "United Kingdom"
  },
  {
    "city": "Greenwich",
    "country": "United Kingdom"
  },
  {
    "city": "Lom",
    "country": "Togo"
  },
  {
    "city": "Toulouse",
    "country": "France"
  },
  {
    "city": "Ibiza",
    "country": "Spain"
  },
  {
    "city": "Niamey",
    "country": "Niger"
  },
  {
    "city": "Barcelona",
    "country": "Spain"
  },
  {
    "city": "Paris",
    "country": "France"
  },
  {
    "city": "Cotonou",
    "country": "Benin"
  },
  {
    "city": "Porto-Novo",
    "country": "Benin"
  },
  {
    "city": "Palma",
    "country": "Spain"
  },
  {
    "city": "Algiers",
    "country": "Algeria"
  },
  {
    "city": "Lagos",
    "country": "Nigeria"
  },
  {
    "city": "Ibadan",
    "country": "Nigeria"
  },
  {
    "city": "The Hague",
    "country": "Netherlands"
  },
  {
    "city": "Brussels",
    "country": "Belgium"
  },
  {
    "city": "Antwerp",
    "country": "Belgium"
  },
  {
    "city": "Rotterdam",
    "country": "Netherlands"
  },
  {
    "city": "Lyon",
    "country": "France"
  },
  {
    "city": "Amsterdam",
    "country": "Netherlands"
  },
  {
    "city": "Marseille",
    "country": "France"
  },
  {
    "city": "Bergen",
    "country": "Norway"
  },
  {
    "city": "Geneva",
    "country": "Switzerland"
  },
  {
    "city": "So Tom",
    "country": "Brazil"
  },
  {
    "city": "Dsseldorf",
    "country": "Germany"
  },
  {
    "city": "Cologne",
    "country": "Germany"
  },
  {
    "city": "Cannes",
    "country": "France"
  },
  {
    "city": "Nice",
    "country": "France"
  },
  {
    "city": "Monaco",
    "country": "Monaco"
  },
  {
    "city": "Bern",
    "country": "Brazil"
  },
  {
    "city": "Abuja",
    "country": "Nigeria"
  },
  {
    "city": "Enugu",
    "country": "Nigeria"
  },
  {
    "city": "Turin",
    "country": "Italy"
  },
  {
    "city": "Strasbourg",
    "country": "France"
  },
  {
    "city": "Kano",
    "country": "Nigeria"
  },
  {
    "city": "Zrich",
    "country": "Switzerland"
  },
  {
    "city": "Frankfurt",
    "country": "Germany"
  },
  {
    "city": "Malabo",
    "country": "Philippines"
  },
  {
    "city": "Stuttgart",
    "country": "Germany"
  },
  {
    "city": "Milan",
    "country": "Italy"
  },
  {
    "city": "Libreville",
    "country": "Gabon"
  },
  {
    "city": "Vaduz",
    "country": "Liechtenstein"
  },
  {
    "city": "Douala",
    "country": "Cameroon"
  },
  {
    "city": "Hanover",
    "country": "Germany"
  },
  {
    "city": "Hamburg",
    "country": "Germany"
  },
  {
    "city": "Tunis",
    "country": "Tunisia"
  },
  {
    "city": "Aarhus",
    "country": "Denmark"
  },
  {
    "city": "Oslo",
    "country": "Norway"
  },
  {
    "city": "Innsbruck",
    "country": "Austria"
  },
  {
    "city": "Yaound",
    "country": "Cameroon"
  },
  {
    "city": "Munich",
    "country": "Germany"
  },
  {
    "city": "Gothenburg",
    "country": "Sweden"
  },
  {
    "city": "Leipzig",
    "country": "Germany"
  },
  {
    "city": "Rome",
    "country": "Italy"
  },
  {
    "city": "Copenhagen",
    "country": "Denmark"
  },
  {
    "city": "Malm",
    "country": "Sweden"
  },
  {
    "city": "Salzburg",
    "country": "Austria"
  },
  {
    "city": "Tripoli",
    "country": "Libya"
  },
  {
    "city": "Luanda",
    "country": "Angola"
  },
  {
    "city": "Berlin",
    "country": "Germany"
  },
  {
    "city": "Dresden",
    "country": "Germany"
  },
  {
    "city": "Naples",
    "country": "Italy"
  },
  {
    "city": "Linz",
    "country": "Austria"
  },
  {
    "city": "Prague",
    "country": "Czech Republic"
  },
  {
    "city": "Sabha",
    "country": "Libya"
  },
  {
    "city": "Birkirkara",
    "country": "Malta"
  },
  {
    "city": "Ljubljana",
    "country": "Slovenia"
  },
  {
    "city": "Valletta",
    "country": "Malta"
  },
  {
    "city": "N'Djamena",
    "country": "Chad"
  },
  {
    "city": "Brazzaville",
    "country": "Republic of the Congo"
  },
  {
    "city": "Kinshasa",
    "country": "Democratic Republic of the Congo"
  },
  {
    "city": "Graz",
    "country": "Austria"
  },
  {
    "city": "Longyearbyen",
    "country": "Svalbard and Jan Mayen"
  },
  {
    "city": "Zagreb",
    "country": "Croatia"
  },
  {
    "city": "Vienna",
    "country": "Austria"
  },
  {
    "city": "Bratislava",
    "country": "Slovakia"
  },
  {
    "city": "Stockholm",
    "country": "Sweden"
  },
  {
    "city": "Sarajevo",
    "country": "Bosnia and Herzegovina"
  },
  {
    "city": "Cape Town",
    "country": "South Africa"
  },
  {
    "city": "Bangui",
    "country": "Central African Republic"
  },
  {
    "city": "Budapest",
    "country": "Hungary"
  },
  {
    "city": "Podgorica",
    "country": "Montenegro"
  },
  {
    "city": "Tirana",
    "country": "Albania"
  },
  {
    "city": "Krakw",
    "country": "Poland"
  },
  {
    "city": "Belgrade",
    "country": "Serbia"
  },
  {
    "city": "Kaliningrad",
    "country": "Russia"
  },
  {
    "city": "Warsaw",
    "country": "Poland"
  },
  {
    "city": "Pristina",
    "country": "Kosovo"
  },
  {
    "city": "Skopje",
    "country": "Macedonia"
  },
  {
    "city": "Sofia",
    "country": "Bulgaria"
  },
  {
    "city": "Athens",
    "country": "Greece"
  },
  {
    "city": "Tampere",
    "country": "Finland"
  },
  {
    "city": "Lviv",
    "country": "Ukraine"
  },
  {
    "city": "Riga",
    "country": "Latvia"
  },
  {
    "city": "Espoo",
    "country": "Finland"
  },
  {
    "city": "Tallinn",
    "country": "Estonia"
  },
  {
    "city": "Helsinki",
    "country": "Finland"
  },
  {
    "city": "Vilnius",
    "country": "Lithuania"
  },
  {
    "city": "Port Elizabeth",
    "country": "South Africa"
  },
  {
    "city": "Livingstone",
    "country": "Zambia"
  },
  {
    "city": "Gaborone",
    "country": "Botswana"
  },
  {
    "city": "Bucharest",
    "country": "Romania"
  },
  {
    "city": "Bloemfontein",
    "country": "South Africa"
  },
  {
    "city": "Tartu",
    "country": "Syria"
  },
  {
    "city": "Lubumbashi",
    "country": "Democratic Republic of the Congo"
  },
  {
    "city": "Maseru",
    "country": "Lesotho"
  },
  {
    "city": "Francistown",
    "country": "Botswana"
  },
  {
    "city": "Minsk",
    "country": "Belarus"
  },
  {
    "city": "Johannesburg",
    "country": "South Africa"
  },
  {
    "city": "Pretoria",
    "country": "South Africa"
  },
  {
    "city": "Lusaka",
    "country": "Zambia"
  },
  {
    "city": "Ndola",
    "country": "Zambia"
  },
  {
    "city": "Bulawayo",
    "country": "Zimbabwe"
  },
  {
    "city": "Istanbul",
    "country": "Turkey"
  },
  {
    "city": "Bursa",
    "country": "Turkey"
  },
  {
    "city": "Bujumbura",
    "country": "Burundi"
  },
  {
    "city": "Tiraspol",
    "country": "Moldova"
  },
  {
    "city": "Alexandria",
    "country": "Egypt"
  },
  {
    "city": "Kigali",
    "country": "Rwanda"
  },
  {
    "city": "Saint Petersburg",
    "country": "Russia"
  },
  {
    "city": "Odessa",
    "country": "Ukraine"
  },
  {
    "city": "Harare",
    "country": "Zimbabwe"
  },
  {
    "city": "Durban",
    "country": "South Africa"
  },
  {
    "city": "Mbabane",
    "country": "Swaziland"
  },
  {
    "city": "Lobamba",
    "country": "Swaziland"
  },
  {
    "city": "Cairo",
    "country": "Egypt"
  },
  {
    "city": "Manzini",
    "country": "Swaziland"
  },
  {
    "city": "Port Said",
    "country": "Egypt"
  },
  {
    "city": "Konya",
    "country": "Turkey"
  },
  {
    "city": "Omdurman",
    "country": "Sudan"
  },
  {
    "city": "Khartoum",
    "country": "Sudan"
  },
  {
    "city": "Suez",
    "country": "Egypt"
  },
  {
    "city": "Maputo",
    "country": "Mozambique"
  },
  {
    "city": "Luxor",
    "country": "Egypt"
  },
  {
    "city": "Ankara",
    "country": "Turkey"
  },
  {
    "city": "Mwanza",
    "country": "Tanzania"
  },
  {
    "city": "Murmansk",
    "country": "Russia"
  },
  {
    "city": "Nicosia",
    "country": "Cyprus"
  },
  {
    "city": "Lilongwe",
    "country": "Malawi"
  },
  {
    "city": "Simferopol",
    "country": "Ukraine"
  },
  {
    "city": "Gaza",
    "country": "Palestine"
  },
  {
    "city": "Mersin",
    "country": "Turkey"
  },
  {
    "city": "Tel Aviv",
    "country": "Israel"
  },
  {
    "city": "Blantyre",
    "country": "Malawi"
  },
  {
    "city": "Jerusalem",
    "country": "Israel"
  },
  {
    "city": "Adana",
    "country": "Turkey"
  },
  {
    "city": "Beirut",
    "country": "Lebanon"
  },
  {
    "city": "Dodoma",
    "country": "Tanzania"
  },
  {
    "city": "Amman",
    "country": "Jordan"
  },
  {
    "city": "Damascus",
    "country": "Syria"
  },
  {
    "city": "Kharkiv",
    "country": "Ukraine"
  },
  {
    "city": "Nairobi",
    "country": "Kenya"
  },
  {
    "city": "Gaziantep",
    "country": "Turkey"
  },
  {
    "city": "Moscow",
    "country": "Russia"
  },
  {
    "city": "Addis Ababa",
    "country": "Ethiopia"
  },
  {
    "city": "Asmara",
    "country": "Eritrea"
  },
  {
    "city": "Jeddah",
    "country": "Saudi Arabia"
  },
  {
    "city": "Zanzibar City",
    "country": "Tanzania"
  },
  {
    "city": "Medina",
    "country": "Saudi Arabia"
  },
  {
    "city": "Mecca",
    "country": "Saudi Arabia"
  },
  {
    "city": "Sukhumi",
    "country": "Georgia"
  },
  {
    "city": "Moroni",
    "country": "Comoros"
  },
  {
    "city": "Baghdad",
    "country": "Iraq"
  },
  {
    "city": "Hargeisa",
    "country": "Somalia"
  },
  {
    "city": "Yerevan",
    "country": "Armenia"
  },
  {
    "city": "Tbilisi",
    "country": "Georgia"
  },
  {
    "city": "Mamoudzou",
    "country": "Mayotte"
  },
  {
    "city": "Mogadishu",
    "country": "Somalia"
  },
  {
    "city": "Tabriz",
    "country": "Iran"
  },
  {
    "city": "Riyadh",
    "country": "Saudi Arabia"
  },
  {
    "city": "Stepanakert",
    "country": "Azerbaijan"
  },
  {
    "city": "Antananarivo",
    "country": "Madagascar"
  },
  {
    "city": "Basra",
    "country": "Iraq"
  },
  {
    "city": "Baku",
    "country": "Azerbaijan"
  },
  {
    "city": "Dammam",
    "country": "Saudi Arabia"
  },
  {
    "city": "Samara",
    "country": "Russia"
  },
  {
    "city": "Manama",
    "country": "Bahrain"
  },
  {
    "city": "Tehran",
    "country": "Iran"
  },
  {
    "city": "Doha",
    "country": "Qatar"
  },
  {
    "city": "Abu Dhabi",
    "country": "United Arab Emirates"
  },
  {
    "city": "Dubai",
    "country": "United Arab Emirates"
  },
  {
    "city": "Saint-Denis",
    "country": "Runion"
  },
  {
    "city": "Perm",
    "country": "Russia"
  },
  {
    "city": "Port Louis",
    "country": "Mauritius"
  },
  {
    "city": "Ashgabat",
    "country": "Turkmenistan"
  },
  {
    "city": "Muscat",
    "country": "Oman"
  },
  {
    "city": "Nukus",
    "country": "Uzbekistan"
  },
  {
    "city": "Mashhad",
    "country": "Iran"
  },
  {
    "city": "Yekaterinburg",
    "country": "Russia"
  },
  {
    "city": "Kandahar",
    "country": "Afghanistan"
  },
  {
    "city": "Karachi",
    "country": "Pakistan"
  },
  {
    "city": "Hyderabad",
    "country": "India"
  },
  {
    "city": "Dushanbe",
    "country": "Tajikistan"
  },
  {
    "city": "Kabul",
    "country": "Afghanistan"
  },
  {
    "city": "Tashkent",
    "country": "Uzbekistan"
  },
  {
    "city": "Astana",
    "country": "Kazakhstan"
  },
  {
    "city": "Multan",
    "country": "Pakistan"
  },
  {
    "city": "Peshawar",
    "country": "Pakistan"
  },
  {
    "city": "Namangan",
    "country": "Uzbekistan"
  },
  {
    "city": "Ahmedabad",
    "country": "India"
  },
  {
    "city": "Mumbai",
    "country": "India"
  },
  {
    "city": "Surat",
    "country": "India"
  },
  {
    "city": "Faisalabad",
    "country": "Pakistan"
  },
  {
    "city": "Rawalpindi",
    "country": "Pakistan"
  },
  {
    "city": "Islamabad",
    "country": "Pakistan"
  },
  {
    "city": "Omsk",
    "country": "Russia"
  },
  {
    "city": "Pune",
    "country": "India"
  },
  {
    "city": "Lahore",
    "country": "Pakistan"
  },
  {
    "city": "Bishkek",
    "country": "Kyrgyzstan"
  },
  {
    "city": "Srinagar",
    "country": "India"
  },
  {
    "city": "Amritsar",
    "country": "India"
  },
  {
    "city": "Jaipur",
    "country": "India"
  },
  {
    "city": "Ludhiana",
    "country": "India"
  },
  {
    "city": "Almaty",
    "country": "Kazakhstan"
  },
  {
    "city": "New Delhi",
    "country": "India"
  },
  {
    "city": "Bangalore",
    "country": "India"
  },
  {
    "city": "Nagpur",
    "country": "India"
  },
  {
    "city": "Colombo",
    "country": "Sri Lanka"
  },
  {
    "city": "Chennai",
    "country": "India"
  },
  {
    "city": "Kanpur",
    "country": "India"
  },
  {
    "city": "Kandy",
    "country": "Sri Lanka"
  },
  {
    "city": "Lucknow",
    "country": "India"
  },
  {
    "city": "Batticaloa",
    "country": "Sri Lanka"
  },
  {
    "city": "Novosibirsk",
    "country": "Russia"
  },
  {
    "city": "Patna",
    "country": "India"
  },
  {
    "city": "Kathmandu",
    "country": "Nepal"
  },
  {
    "city": "rmqi",
    "country": "China"
  },
  {
    "city": "Norilsk",
    "country": "Russia"
  },
  {
    "city": "Gangtok",
    "country": "India"
  },
  {
    "city": "Shigatse",
    "country": "China"
  },
  {
    "city": "Thimphu",
    "country": "Bhutan"
  },
  {
    "city": "Dhaka",
    "country": "Bangladesh"
  },
  {
    "city": "Lhasa",
    "country": "China"
  },
  {
    "city": "Agartala",
    "country": "India"
  },
  {
    "city": "Guwahati",
    "country": "India"
  },
  {
    "city": "Chittagong",
    "country": "Bangladesh"
  },
  {
    "city": "Shillong",
    "country": "India"
  },
  {
    "city": "Port Blair",
    "country": "India"
  },
  {
    "city": "Dibrugarh",
    "country": "India"
  },
  {
    "city": "Banda Aceh",
    "country": "Indonesia"
  },
  {
    "city": "Yangon",
    "country": "Myanmar"
  },
  {
    "city": "Medan",
    "country": "Indonesia"
  },
  {
    "city": "Chiang Mai",
    "country": "Thailand"
  },
  {
    "city": "Surat Thani",
    "country": "Thailand"
  },
  {
    "city": "Padang",
    "country": "Indonesia"
  },
  {
    "city": "Hat Yai",
    "country": "Thailand"
  },
  {
    "city": "Bangkok",
    "country": "Thailand"
  },
  {
    "city": "Pattaya",
    "country": "Thailand"
  },
  {
    "city": "Ipoh",
    "country": "Malaysia"
  },
  {
    "city": "Pekanbaru",
    "country": "Indonesia"
  },
  {
    "city": "Bratsk",
    "country": "Russia"
  },
  {
    "city": "Kuala Lumpur",
    "country": "Malaysia"
  },
  {
    "city": "Xining",
    "country": "China"
  },
  {
    "city": "Nakhon Ratchasima",
    "country": "Thailand"
  },
  {
    "city": "Kota Bharu",
    "country": "Malaysia"
  },
  {
    "city": "Vientiane",
    "country": "Laos"
  },
  {
    "city": "Kunming",
    "country": "China"
  },
  {
    "city": "Udon Thani",
    "country": "Thailand"
  },
  {
    "city": "Johor Bahru",
    "country": "Malaysia"
  },
  {
    "city": "Lanzhou",
    "country": "China"
  },
  {
    "city": "Singapore",
    "country": "Singapore"
  },
  {
    "city": "Siem Reap",
    "country": "Cambodia"
  },
  {
    "city": "Chengdu",
    "country": "China"
  },
  {
    "city": "Palembang",
    "country": "Indonesia"
  },
  {
    "city": "Phnom Penh",
    "country": "Cambodia"
  },
  {
    "city": "Hanoi",
    "country": "Vietnam"
  },
  {
    "city": "Chongqing",
    "country": "China"
  },
  {
    "city": "Hai Phong",
    "country": "Vietnam"
  },
  {
    "city": "Ho Chi Minh City",
    "country": "Vietnam"
  },
  {
    "city": "Jakarta",
    "country": "Indonesia"
  },
  {
    "city": "Bogor",
    "country": "Indonesia"
  },
  {
    "city": "Ulan Bator",
    "country": "Mongolia"
  },
  {
    "city": "Bandung",
    "country": "Indonesia"
  },
  {
    "city": "Da Nang",
    "country": "Vietnam"
  },
  {
    "city": "Nanning",
    "country": "China"
  },
  {
    "city": "Pontianak",
    "country": "Indonesia"
  },
  {
    "city": "Kuching",
    "country": "Malaysia"
  },
  {
    "city": "Semarang",
    "country": "Indonesia"
  },
  {
    "city": "Taiyuan",
    "country": "China"
  },
  {
    "city": "Malang",
    "country": "Indonesia"
  },
  {
    "city": "Surabaya",
    "country": "Indonesia"
  },
  {
    "city": "Guangzhou",
    "country": "China"
  },
  {
    "city": "Macau",
    "country": "Macau"
  },
  {
    "city": "Zhengzhou",
    "country": "China"
  },
  {
    "city": "Dongguan",
    "country": "China"
  },
  {
    "city": "Miri",
    "country": "Malaysia"
  },
  {
    "city": "Shenzhen",
    "country": "China"
  },
  {
    "city": "Hong Kong",
    "country": "Hong Kong"
  },
  {
    "city": "Wuhan",
    "country": "China"
  },
  {
    "city": "Handan",
    "country": "China"
  },
  {
    "city": "Shijiazhuang",
    "country": "China"
  },
  {
    "city": "Bandar Seri Begawan",
    "country": "Brunei"
  },
  {
    "city": "Denpasar",
    "country": "Indonesia"
  },
  {
    "city": "Mandurah",
    "country": "Australia"
  },
  {
    "city": "Perth",
    "country": "Australia"
  },
  {
    "city": "Kota Kinabalu",
    "country": "Malaysia"
  },
  {
    "city": "Beijing",
    "country": "China"
  },
  {
    "city": "Balikpapan",
    "country": "Indonesia"
  },
  {
    "city": "Jinan",
    "country": "China"
  },
  {
    "city": "Tianjin",
    "country": "China"
  },
  {
    "city": "Port Hedland",
    "country": "Australia"
  },
  {
    "city": "Nanjing",
    "country": "China"
  },
  {
    "city": "Makassar",
    "country": "Indonesia"
  },
  {
    "city": "Hangzhou",
    "country": "China"
  },
  {
    "city": "Kaohsiung",
    "country": "Taiwan"
  },
  {
    "city": "Qingdao",
    "country": "China"
  },
  {
    "city": "Taichung",
    "country": "Taiwan"
  },
  {
    "city": "Manila",
    "country": "Philippines"
  },
  {
    "city": "Quezon City",
    "country": "Philippines"
  },
  {
    "city": "Shanghai",
    "country": "China"
  },
  {
    "city": "Taipei",
    "country": "Taiwan"
  },
  {
    "city": "Dalian",
    "country": "China"
  },
  {
    "city": "Iloilo City",
    "country": "Philippines"
  },
  {
    "city": "Zamboanga City",
    "country": "Philippines"
  },
  {
    "city": "Shenyang",
    "country": "China"
  },
  {
    "city": "Tagbilaran",
    "country": "Philippines"
  },
  {
    "city": "Cebu City",
    "country": "Philippines"
  },
  {
    "city": "Changchun",
    "country": "China"
  },
  {
    "city": "Dili",
    "country": "Mali"
  },
  {
    "city": "Pyongyang",
    "country": "North Korea"
  },
  {
    "city": "Davao City",
    "country": "Philippines"
  },
  {
    "city": "Kaesong",
    "country": "North Korea"
  },
  {
    "city": "Harbin",
    "country": "China"
  },
  {
    "city": "Incheon",
    "country": "South Korea"
  },
  {
    "city": "Seoul",
    "country": "South Korea"
  },
  {
    "city": "Wonsan",
    "country": "North Korea"
  },
  {
    "city": "Okinawa",
    "country": "Japan"
  },
  {
    "city": "Ambon",
    "country": "Indonesia"
  },
  {
    "city": "Daegu",
    "country": "South Korea"
  },
  {
    "city": "Busan",
    "country": "South Korea"
  },
  {
    "city": "Yakutsk",
    "country": "Russia"
  },
  {
    "city": "Chongjin",
    "country": "North Korea"
  },
  {
    "city": "Fukuoka",
    "country": "Japan"
  },
  {
    "city": "Darwin",
    "country": "Australia"
  },
  {
    "city": "Vladivostok",
    "country": "Russia"
  },
  {
    "city": "Hiroshima",
    "country": "Japan"
  },
  {
    "city": "Melekeok",
    "country": "Palau"
  },
  {
    "city": "Kobe",
    "country": "Japan"
  },
  {
    "city": "Osaka",
    "country": "Japan"
  },
  {
    "city": "Kyoto",
    "country": "Japan"
  },
  {
    "city": "Nagoya",
    "country": "Japan"
  },
  {
    "city": "Adelaide",
    "country": "Australia"
  },
  {
    "city": "Yokohama",
    "country": "Japan"
  },
  {
    "city": "Kawasaki",
    "country": "Japan"
  },
  {
    "city": "Jayapura",
    "country": "Indonesia"
  },
  {
    "city": "Sapporo",
    "country": "Japan"
  },
  {
    "city": "Geelong",
    "country": "Australia"
  },
  {
    "city": "Melbourne",
    "country": "Australia"
  },
  {
    "city": "Cairns",
    "country": "Australia"
  },
  {
    "city": "Townsville",
    "country": "Australia"
  },
  {
    "city": "Port Moresby",
    "country": "Papua New Guinea"
  },
  {
    "city": "Hobart",
    "country": "Australia"
  },
  {
    "city": "Canberra",
    "country": "Australia"
  },
  {
    "city": "Rockhampton",
    "country": "Australia"
  },
  {
    "city": "Magadan",
    "country": "Russia"
  },
  {
    "city": "Wollongong",
    "country": "Australia"
  },
  {
    "city": "Sydney",
    "country": "Australia"
  },
  {
    "city": "Newcastle",
    "country": "United Kingdom"
  },
  {
    "city": "Weno",
    "country": "Federated States of Micronesia"
  },
  {
    "city": "Brisbane",
    "country": "Australia"
  },
  {
    "city": "Gold Coast",
    "country": "Australia"
  },
  {
    "city": "Palikir",
    "country": "Federated States of Micronesia"
  },
  {
    "city": "Honiara",
    "country": "Solomon Islands"
  },
  {
    "city": "Nouma",
    "country": "New Caledonia"
  },
  {
    "city": "Invercargill",
    "country": "New Zealand"
  },
  {
    "city": "Dunedin",
    "country": "New Zealand"
  },
  {
    "city": "Majuro",
    "country": "Marshall Islands"
  },
  {
    "city": "Christchurch",
    "country": "New Zealand"
  },
  {
    "city": "Wellington",
    "country": "New Zealand"
  },
  {
    "city": "Auckland",
    "country": "New Zealand"
  },
  {
    "city": "Suva",
    "country": "Fiji"
  },
  {
    "city": "Funafuti",
    "country": "Tuvalu"
  },
  {
    "city": "Labasa",
    "country": "Fiji"
  },
  {
    "city": "Nukualofa",
    "country": "Tonga"
  },
  {
    "city": "Rabi Island",
    "country": ""
  },
  {
    "city": "Santiago de Cuba",
    "country": "Cuba"
  },
  {
    "city": "Port-au-Prince",
    "country": "Haiti"
  },
  {
    "city": "San Carlos de Bariloche",
    "country": "Argentina"
  },
  {
    "city": "Quebec City",
    "country": "Canada"
  },
  {
    "city": "City of Halifax",
    "country": "Canada"
  },
  {
    "city": "Santa Cruz de la Sierra",
    "country": "Bolivia"
  },
  {
    "city": "St. George's",
    "country": "Grenada"
  },
  {
    "city": "Port of Spain",
    "country": "Trinidad and Tobago"
  },
  {
    "city": "Fort-de-France",
    "country": "Martinique"
  },
  {
    "city": "Ciudad del Este",
    "country": "Argentina"
  },
  {
    "city": "So Jos dos Campos",
    "country": "Brazil"
  },
  {
    "city": "Rio de Janeiro",
    "country": "Brazil"
  },
  {
    "city": "Horta (Azores)",
    "country": "Portugal"
  },
  {
    "city": "Angra do Herosmo",
    "country": "Portugal"
  },
  {
    "city": "Santa Cruz de Tenerife",
    "country": "Spain"
  },
  {
    "city": "Las Palmas de Gran Canaria",
    "country": "Spain"
  },
  {
    "city": "Cork (city)",
    "country": "Ireland"
  },
  {
    "city": "Marrakech",
    "country": "Morocco"
  },
  {
    "city": "Andorra la Vella",
    "country": "Andorra"
  },
  {
    "city": "Luxembourg (city)",
    "country": "Luxembourg"
  },
  {
    "city": "City of San Marino",
    "country": "San Marino"
  },
  {
    "city": "Vatican City",
    "country": ""
  },
  {
    "city": "Split (city)",
    "country": "Croatia"
  },
  {
    "city": "Gdask",
    "country": "Poland"
  },
  {
    "city": "Thessaloniki",
    "country": "Greece"
  },
  {
    "city": "zmir",
    "country": "Turkey"
  },
  {
    "city": "Chiinu",
    "country": "Moldova"
  },
  {
    "city": "Kiev",
    "country": "Ukraine"
  },
  {
    "city": "Dar es Salaam",
    "country": "Tanzania"
  },
  {
    "city": "Djibouti (city)",
    "country": "Djibouti"
  },
  {
    "city": "Tskhinvali",
    "country": "Georgia"
  },
  {
    "city": "Sana'a",
    "country": "Yemen"
  },
  {
    "city": "Nizhny Novgorod",
    "country": "Russia"
  },
  {
    "city": "Arbil",
    "country": "Iraq"
  },
  {
    "city": "Kuwait City",
    "country": "Kuwait"
  },
  {
    "city": "Mal",
    "country": "Republic of Maldives"
  },
  {
    "city": "Sri Jayawardenapura-Kotte",
    "country": "Sri Lanka"
  },
  {
    "city": "Kolkata",
    "country": "India"
  },
  {
    "city": "Naypyidaw",
    "country": ""
  },
  {
    "city": "Phuket (city)",
    "country": "Thailand"
  },
  {
    "city": "Alor Star",
    "country": "Malaysia"
  },
  {
    "city": "Malacca Town",
    "country": "Malaysia"
  },
  {
    "city": "Hu",
    "country": "Vietnam"
  },
  {
    "city": "Xi'an",
    "country": "China"
  },
  {
    "city": "Yogyakarta (city)",
    "country": "Indonesia"
  },
  {
    "city": "Makati City",
    "country": "Philippines"
  },
  {
    "city": "Koror",
    "country": "Republic of Palau"
  },
  {
    "city": "Tokyo",
    "country": "Japan"
  },
  {
    "city": "Petropavlovsk-Kamchatsky",
    "country": "Russia"
  },
  {
    "city": "Yaren District",
    "country": "Nauru"
  },
  {
    "city": "Port Vila",
    "country": "Vanuatu"
  },
  {
    "city": "South Tarawa",
    "country": ""
  },
  {
    "city": "Mata-Utu",
    "country": "Wallis and Futuna"
  },
  {
    "city": "Anadyr (town)",
    "country": ""
  },
  {
    "city": "Nukulaelae",
    "country": ""
  }
]